{
  "type": "FeatureCollection",
  "features": [
    {
      "type": "Feature",
      "properties": {
        "osm_id": 48171838,
        "name": "Río Chinchiná"
      },
      "geometry": {
        "type": "LineString",
        "coordinates": [
          [
            -75.6593815,
            5.0780421
          ],
          [
            -75.6596466,
            5.0780029
          ],
          [
            -75.6597987,
            5.0779784
          ],
          [
            -75.6599434,
            5.0779602
          ],
          [
            -75.6600853,
            5.077974
          ],
          [
            -75.6602806,
            5.0779081
          ],
          [
            -75.6604173,
            5.0778713
          ],
          [
            -75.6605561,
            5.077866
          ],
          [
            -75.6607958,
            5.0778855
          ],
          [
            -75.660928,
            5.0778829
          ],
          [
            -75.6610972,
            5.0778877
          ],
          [
            -75.6612894,
            5.077876
          ],
          [
            -75.6614657,
            5.0778781
          ],
          [
            -75.6617199,
            5.0778857
          ],
          [
            -75.661892,
            5.0779022
          ],
          [
            -75.6621157,
            5.0778857
          ],
          [
            -75.6623135,
            5.0778759
          ],
          [
            -75.6625931,
            5.0778759
          ],
          [
            -75.6628613,
            5.0778759
          ],
          [
            -75.6631247,
            5.0778759
          ],
          [
            -75.6633417,
            5.0778759
          ],
          [
            -75.6636212,
            5.0778182
          ],
          [
            -75.6639116,
            5.0777888
          ],
          [
            -75.6641128,
            5.0777644
          ],
          [
            -75.6642534,
            5.0777548
          ],
          [
            -75.6644502,
            5.0777263
          ],
          [
            -75.6645675,
            5.0777528
          ],
          [
            -75.664767,
            5.0777798
          ],
          [
            -75.6649403,
            5.0778231
          ],
          [
            -75.6651316,
            5.0778369
          ],
          [
            -75.6652843,
            5.0778369
          ],
          [
            -75.6654597,
            5.0778078
          ],
          [
            -75.6656009,
            5.0778078
          ],
          [
            -75.6657937,
            5.0778547
          ],
          [
            -75.665925,
            5.0779038
          ],
          [
            -75.666095,
            5.0779214
          ],
          [
            -75.6662525,
            5.07791
          ],
          [
            -75.6665472,
            5.077905
          ],
          [
            -75.6666609,
            5.0779197
          ],
          [
            -75.666838,
            5.0779245
          ],
          [
            -75.6670566,
            5.0779619
          ],
          [
            -75.6671989,
            5.0780511
          ],
          [
            -75.6673038,
            5.0781107
          ],
          [
            -75.6674722,
            5.0782364
          ],
          [
            -75.6675778,
            5.0783838
          ],
          [
            -75.6676527,
            5.0785097
          ],
          [
            -75.6676527,
            5.0786845
          ],
          [
            -75.6676527,
            5.0787866
          ],
          [
            -75.6676527,
            5.0789793
          ],
          [
            -75.6676319,
            5.0791958
          ],
          [
            -75.6675641,
            5.0793799
          ],
          [
            -75.6674407,
            5.079539
          ],
          [
            -75.6673033,
            5.0797193
          ],
          [
            -75.667214,
            5.0798282
          ],
          [
            -75.6670805,
            5.0799791
          ],
          [
            -75.666875,
            5.0800914
          ],
          [
            -75.6667197,
            5.0801744
          ],
          [
            -75.6665316,
            5.0802941
          ],
          [
            -75.6663648,
            5.0803924
          ],
          [
            -75.6662011,
            5.0804616
          ],
          [
            -75.666074,
            5.0805446
          ],
          [
            -75.6659212,
            5.080729
          ],
          [
            -75.6658079,
            5.0808841
          ],
          [
            -75.6656831,
            5.0811091
          ],
          [
            -75.6655791,
            5.0812866
          ],
          [
            -75.6654452,
            5.0814865
          ],
          [
            -75.665299,
            5.0816061
          ],
          [
            -75.665136,
            5.0817244
          ],
          [
            -75.6649709,
            5.0818404
          ],
          [
            -75.6648283,
            5.0819491
          ],
          [
            -75.6646827,
            5.0820849
          ],
          [
            -75.664577,
            5.0822075
          ],
          [
            -75.6645174,
            5.0823858
          ],
          [
            -75.6644358,
            5.0825868
          ],
          [
            -75.6644061,
            5.0827157
          ],
          [
            -75.6644061,
            5.0828899
          ],
          [
            -75.6644438,
            5.0830158
          ],
          [
            -75.6644933,
            5.0831137
          ],
          [
            -75.6646724,
            5.0831929
          ],
          [
            -75.6650063,
            5.0832603
          ],
          [
            -75.6651869,
            5.0833439
          ],
          [
            -75.6652565,
            5.0833869
          ],
          [
            -75.6653203,
            5.0834273
          ],
          [
            -75.6654049,
            5.0835483
          ],
          [
            -75.6654925,
            5.083654
          ],
          [
            -75.6655744,
            5.083729
          ],
          [
            -75.6656465,
            5.0838629
          ],
          [
            -75.6657162,
            5.0839641
          ],
          [
            -75.665783,
            5.0840852
          ],
          [
            -75.6658071,
            5.0842506
          ],
          [
            -75.665862,
            5.0843726
          ],
          [
            -75.6659158,
            5.0845684
          ],
          [
            -75.6659326,
            5.0848034
          ],
          [
            -75.6659252,
            5.0850094
          ],
          [
            -75.6659691,
            5.0851947
          ],
          [
            -75.6659466,
            5.0853548
          ],
          [
            -75.6659831,
            5.0856583
          ],
          [
            -75.6660168,
            5.0858162
          ],
          [
            -75.6660699,
            5.0859707
          ],
          [
            -75.6661582,
            5.0860817
          ],
          [
            -75.6662188,
            5.0861863
          ],
          [
            -75.6662732,
            5.0862591
          ],
          [
            -75.6663529,
            5.0862967
          ],
          [
            -75.6666235,
            5.0864682
          ],
          [
            -75.6667966,
            5.0866011
          ],
          [
            -75.6669026,
            5.0866826
          ],
          [
            -75.667055,
            5.086788
          ],
          [
            -75.6672071,
            5.0869474
          ],
          [
            -75.6673488,
            5.0871138
          ],
          [
            -75.6675701,
            5.0875143
          ],
          [
            -75.6676588,
            5.0878383
          ],
          [
            -75.6677158,
            5.0879757
          ],
          [
            -75.667779,
            5.0880649
          ],
          [
            -75.667868,
            5.0880693
          ],
          [
            -75.6680355,
            5.0880256
          ],
          [
            -75.6682381,
            5.0878363
          ],
          [
            -75.6683232,
            5.0876759
          ],
          [
            -75.6684191,
            5.0873651
          ],
          [
            -75.6685125,
            5.0870912
          ],
          [
            -75.668587,
            5.0868928
          ],
          [
            -75.6686575,
            5.0867335
          ],
          [
            -75.6687438,
            5.0865919
          ],
          [
            -75.668839,
            5.0864599
          ],
          [
            -75.6690047,
            5.0863413
          ],
          [
            -75.6691897,
            5.086222
          ],
          [
            -75.6693561,
            5.0861416
          ],
          [
            -75.6695133,
            5.0860778
          ],
          [
            -75.6696122,
            5.0860358
          ],
          [
            -75.6697339,
            5.0859678
          ],
          [
            -75.6698586,
            5.0859131
          ],
          [
            -75.6700209,
            5.0858425
          ],
          [
            -75.6701893,
            5.0858087
          ],
          [
            -75.6703025,
            5.0857498
          ],
          [
            -75.6704813,
            5.085729
          ],
          [
            -75.6706299,
            5.0856875
          ],
          [
            -75.6707608,
            5.0856381
          ],
          [
            -75.6708483,
            5.0855749
          ],
          [
            -75.6710081,
            5.0855133
          ],
          [
            -75.6712031,
            5.0854448
          ],
          [
            -75.6713403,
            5.0854096
          ],
          [
            -75.6714932,
            5.0853669
          ],
          [
            -75.6716581,
            5.0853053
          ],
          [
            -75.6718858,
            5.085263
          ],
          [
            -75.6720305,
            5.0852332
          ],
          [
            -75.6722389,
            5.0852179
          ],
          [
            -75.6723535,
            5.0852254
          ],
          [
            -75.672521,
            5.0852175
          ],
          [
            -75.6726734,
            5.0852666
          ],
          [
            -75.6728189,
            5.0852666
          ],
          [
            -75.673055,
            5.0852979
          ],
          [
            -75.6731896,
            5.0853761
          ],
          [
            -75.6733166,
            5.0854643
          ],
          [
            -75.6734536,
            5.0855805
          ],
          [
            -75.6735177,
            5.0856502
          ],
          [
            -75.6736786,
            5.0858012
          ],
          [
            -75.6738053,
            5.0858911
          ],
          [
            -75.6739547,
            5.0860871
          ],
          [
            -75.6741066,
            5.0862066
          ],
          [
            -75.6742334,
            5.0863469
          ],
          [
            -75.6743073,
            5.0865693
          ],
          [
            -75.6743833,
            5.08673
          ],
          [
            -75.6744602,
            5.0868783
          ],
          [
            -75.6745426,
            5.0870214
          ],
          [
            -75.6746317,
            5.0872758
          ],
          [
            -75.6746724,
            5.0874911
          ],
          [
            -75.6747193,
            5.0876052
          ],
          [
            -75.6748342,
            5.0877239
          ],
          [
            -75.6748677,
            5.0879226
          ],
          [
            -75.674933,
            5.0880637
          ],
          [
            -75.6749547,
            5.088164
          ],
          [
            -75.6749983,
            5.0882573
          ],
          [
            -75.6750113,
            5.0884571
          ],
          [
            -75.6750113,
            5.0886292
          ],
          [
            -75.6750113,
            5.0887659
          ],
          [
            -75.675009,
            5.0888762
          ],
          [
            -75.6749926,
            5.0889848
          ],
          [
            -75.6749491,
            5.089091
          ],
          [
            -75.6749299,
            5.0892441
          ],
          [
            -75.6748916,
            5.0893626
          ],
          [
            -75.6748868,
            5.0894994
          ],
          [
            -75.674803,
            5.0897365
          ],
          [
            -75.674832,
            5.0899478
          ],
          [
            -75.6748134,
            5.0900162
          ],
          [
            -75.6747718,
            5.0901291
          ],
          [
            -75.6745944,
            5.0902587
          ],
          [
            -75.6745009,
            5.090352
          ],
          [
            -75.6744073,
            5.0904498
          ],
          [
            -75.6743403,
            5.0906139
          ],
          [
            -75.6743006,
            5.0907769
          ],
          [
            -75.6743102,
            5.0908382
          ],
          [
            -75.6743449,
            5.0909472
          ],
          [
            -75.6743926,
            5.0910886
          ],
          [
            -75.6744207,
            5.091225
          ],
          [
            -75.6744304,
            5.091347
          ],
          [
            -75.6744487,
            5.0914424
          ],
          [
            -75.674477,
            5.091536
          ],
          [
            -75.6745197,
            5.0916729
          ],
          [
            -75.6745603,
            5.0917631
          ],
          [
            -75.6746245,
            5.0918677
          ],
          [
            -75.6746582,
            5.0919998
          ],
          [
            -75.6746909,
            5.0921191
          ],
          [
            -75.6747463,
            5.0921821
          ],
          [
            -75.6748579,
            5.0922735
          ],
          [
            -75.6750262,
            5.0923752
          ],
          [
            -75.6750745,
            5.0924143
          ],
          [
            -75.6752121,
            5.0924611
          ],
          [
            -75.6754136,
            5.0925651
          ],
          [
            -75.6755251,
            5.0926813
          ],
          [
            -75.6756634,
            5.0927883
          ],
          [
            -75.6757473,
            5.0929432
          ],
          [
            -75.6757305,
            5.0931142
          ],
          [
            -75.6757155,
            5.0932172
          ],
          [
            -75.6756966,
            5.0933538
          ],
          [
            -75.6756966,
            5.093504
          ],
          [
            -75.6756494,
            5.0936666
          ],
          [
            -75.6756033,
            5.0937776
          ],
          [
            -75.6755451,
            5.0938889
          ],
          [
            -75.6754748,
            5.0940644
          ],
          [
            -75.6753998,
            5.09417
          ],
          [
            -75.6752848,
            5.0942894
          ],
          [
            -75.6751966,
            5.0943843
          ],
          [
            -75.6750704,
            5.0944644
          ],
          [
            -75.6749703,
            5.0945311
          ],
          [
            -75.6748201,
            5.0945588
          ],
          [
            -75.6747022,
            5.0945588
          ],
          [
            -75.6745055,
            5.0945588
          ],
          [
            -75.674341,
            5.0946022
          ],
          [
            -75.674275,
            5.094605
          ],
          [
            -75.6742074,
            5.0946473
          ],
          [
            -75.6740993,
            5.0947065
          ],
          [
            -75.6739548,
            5.0947333
          ],
          [
            -75.6738096,
            5.0948404
          ],
          [
            -75.6737064,
            5.0948965
          ],
          [
            -75.6735831,
            5.0950195
          ],
          [
            -75.6734503,
            5.0950806
          ],
          [
            -75.6733592,
            5.0951399
          ],
          [
            -75.6732092,
            5.0951638
          ],
          [
            -75.6730194,
            5.0952519
          ],
          [
            -75.6728673,
            5.0953438
          ],
          [
            -75.6727615,
            5.0954443
          ],
          [
            -75.67258,
            5.0955215
          ],
          [
            -75.6723233,
            5.0956269
          ],
          [
            -75.672174,
            5.0956964
          ],
          [
            -75.6719875,
            5.0957503
          ],
          [
            -75.6718611,
            5.0958035
          ],
          [
            -75.6717205,
            5.0958463
          ],
          [
            -75.6715856,
            5.095856
          ],
          [
            -75.6714157,
            5.0958418
          ],
          [
            -75.6712741,
            5.0958781
          ],
          [
            -75.6710818,
            5.0959224
          ],
          [
            -75.6709194,
            5.0959526
          ],
          [
            -75.6707151,
            5.0959575
          ],
          [
            -75.6705702,
            5.0959638
          ],
          [
            -75.6704539,
            5.0959782
          ],
          [
            -75.6703164,
            5.095987
          ],
          [
            -75.6702188,
            5.0960469
          ],
          [
            -75.6700501,
            5.0960775
          ],
          [
            -75.6698646,
            5.0961358
          ],
          [
            -75.6697466,
            5.0961557
          ],
          [
            -75.6695784,
            5.0962451
          ],
          [
            -75.6694184,
            5.096303
          ],
          [
            -75.6692916,
            5.0963758
          ],
          [
            -75.6692237,
            5.0964582
          ],
          [
            -75.6691651,
            5.0965153
          ],
          [
            -75.6691432,
            5.0965982
          ],
          [
            -75.6690781,
            5.0967181
          ],
          [
            -75.6690282,
            5.0968421
          ],
          [
            -75.6689792,
            5.0969131
          ],
          [
            -75.6689308,
            5.0969752
          ],
          [
            -75.668847,
            5.0970985
          ],
          [
            -75.6687487,
            5.0972158
          ],
          [
            -75.6686752,
            5.0973164
          ],
          [
            -75.6686134,
            5.0974447
          ],
          [
            -75.6685113,
            5.0975297
          ],
          [
            -75.6684207,
            5.0975833
          ],
          [
            -75.6683474,
            5.097684
          ],
          [
            -75.6682662,
            5.0977667
          ],
          [
            -75.6680472,
            5.0979487
          ],
          [
            -75.6679037,
            5.0980729
          ],
          [
            -75.6677862,
            5.0981942
          ],
          [
            -75.6676693,
            5.0983481
          ],
          [
            -75.667561,
            5.0985406
          ],
          [
            -75.6673971,
            5.0986849
          ],
          [
            -75.6673107,
            5.0988263
          ],
          [
            -75.6672407,
            5.0989273
          ],
          [
            -75.6670828,
            5.0990846
          ],
          [
            -75.6667922,
            5.0993141
          ],
          [
            -75.6665237,
            5.0994499
          ],
          [
            -75.6663235,
            5.0994942
          ],
          [
            -75.6661343,
            5.0994353
          ],
          [
            -75.6659457,
            5.099221
          ],
          [
            -75.6657274,
            5.0990762
          ],
          [
            -75.6655178,
            5.099024
          ],
          [
            -75.6653748,
            5.0990522
          ],
          [
            -75.6652112,
            5.0993186
          ],
          [
            -75.6652021,
            5.0995858
          ],
          [
            -75.6651826,
            5.0997715
          ],
          [
            -75.6651641,
            5.1000146
          ],
          [
            -75.6651641,
            5.1002222
          ],
          [
            -75.6652746,
            5.1004597
          ],
          [
            -75.6654008,
            5.1007586
          ],
          [
            -75.6655143,
            5.1009581
          ],
          [
            -75.6656694,
            5.1011473
          ],
          [
            -75.6659125,
            5.1013055
          ],
          [
            -75.6662021,
            5.1014587
          ],
          [
            -75.6665139,
            5.1015245
          ],
          [
            -75.6668125,
            5.1015741
          ],
          [
            -75.6671228,
            5.1017078
          ],
          [
            -75.6672378,
            5.1018887
          ],
          [
            -75.6674525,
            5.1022247
          ],
          [
            -75.6674525,
            5.1025659
          ],
          [
            -75.6673217,
            5.1028949
          ],
          [
            -75.6669894,
            5.1033856
          ],
          [
            -75.6667625,
            5.1035527
          ],
          [
            -75.6663687,
            5.1040231
          ]
        ]
      }
    },
    {
      "type": "Feature",
      "properties": {
        "osm_id": 486661043,
        "name": "Río Chinchiná"
      },
      "geometry": {
        "type": "LineString",
        "coordinates": [
          [
            -75.332437,
            5.0164884
          ],
          [
            -75.3325712,
            5.0163126
          ],
          [
            -75.3325894,
            5.0162837
          ],
          [
            -75.3327293,
            5.015968
          ],
          [
            -75.3327776,
            5.0159003
          ],
          [
            -75.3328451,
            5.0158559
          ],
          [
            -75.333574,
            5.0155302
          ],
          [
            -75.3336476,
            5.015465
          ],
          [
            -75.3338695,
            5.0150354
          ],
          [
            -75.3343747,
            5.0144499
          ],
          [
            -75.3344252,
            5.0144039
          ],
          [
            -75.3345001,
            5.0143645
          ],
          [
            -75.335275,
            5.0141277
          ],
          [
            -75.335346,
            5.0140548
          ],
          [
            -75.3353952,
            5.0139196
          ],
          [
            -75.3354762,
            5.0138695
          ],
          [
            -75.335599,
            5.0138569
          ],
          [
            -75.3356918,
            5.0137914
          ],
          [
            -75.335733,
            5.0136946
          ],
          [
            -75.3358158,
            5.0131366
          ],
          [
            -75.3358734,
            5.0130124
          ],
          [
            -75.3359722,
            5.012904
          ],
          [
            -75.3371779,
            5.012111
          ],
          [
            -75.337211,
            5.0121056
          ],
          [
            -75.3374605,
            5.0121878
          ],
          [
            -75.3375047,
            5.0121841
          ],
          [
            -75.3375367,
            5.0121613
          ],
          [
            -75.3376371,
            5.0119537
          ],
          [
            -75.3376876,
            5.0119307
          ],
          [
            -75.3377387,
            5.0119463
          ],
          [
            -75.3378711,
            5.0121678
          ],
          [
            -75.3379199,
            5.0121957
          ],
          [
            -75.3379797,
            5.0121959
          ],
          [
            -75.338627,
            5.0120616
          ],
          [
            -75.3386703,
            5.0120624
          ],
          [
            -75.3387029,
            5.0120851
          ],
          [
            -75.3387696,
            5.0121896
          ],
          [
            -75.3388561,
            5.0122366
          ],
          [
            -75.3389667,
            5.0122233
          ],
          [
            -75.3390529,
            5.0121736
          ],
          [
            -75.339103,
            5.0120926
          ],
          [
            -75.3391274,
            5.0119427
          ],
          [
            -75.3391597,
            5.0119046
          ],
          [
            -75.3392183,
            5.0118869
          ],
          [
            -75.3392715,
            5.0119129
          ],
          [
            -75.3393261,
            5.0120938
          ],
          [
            -75.3393808,
            5.0121727
          ],
          [
            -75.3394703,
            5.0122157
          ],
          [
            -75.3395699,
            5.0122021
          ],
          [
            -75.3399226,
            5.0120647
          ],
          [
            -75.3399706,
            5.012061
          ],
          [
            -75.3400534,
            5.0120962
          ],
          [
            -75.340137,
            5.0121016
          ],
          [
            -75.3402263,
            5.0120698
          ],
          [
            -75.3402935,
            5.0120063
          ],
          [
            -75.34051,
            5.0116138
          ],
          [
            -75.3406407,
            5.0115121
          ],
          [
            -75.3408019,
            5.0114616
          ],
          [
            -75.340969,
            5.0114866
          ],
          [
            -75.3416352,
            5.0117617
          ],
          [
            -75.3417525,
            5.0117848
          ],
          [
            -75.3433109,
            5.0117484
          ],
          [
            -75.3434195,
            5.0117728
          ],
          [
            -75.3444301,
            5.0124461
          ],
          [
            -75.346217,
            5.0131497
          ],
          [
            -75.3463139,
            5.0131467
          ],
          [
            -75.3464059,
            5.0131092
          ],
          [
            -75.3466023,
            5.0129617
          ],
          [
            -75.3466348,
            5.0129516
          ],
          [
            -75.3469854,
            5.0128906
          ],
          [
            -75.3470212,
            5.0128703
          ],
          [
            -75.347168,
            5.0127066
          ],
          [
            -75.3472089,
            5.012696
          ],
          [
            -75.3472484,
            5.0127134
          ],
          [
            -75.3473773,
            5.013065
          ],
          [
            -75.3474294,
            5.0130882
          ],
          [
            -75.3474862,
            5.0130703
          ],
          [
            -75.3476431,
            5.0128389
          ],
          [
            -75.347704,
            5.0128057
          ],
          [
            -75.3477746,
            5.0128075
          ],
          [
            -75.3479518,
            5.0129162
          ],
          [
            -75.3479987,
            5.0129212
          ],
          [
            -75.3481886,
            5.0128484
          ],
          [
            -75.3482789,
            5.0128388
          ],
          [
            -75.3483555,
            5.0128661
          ],
          [
            -75.3485257,
            5.0130677
          ],
          [
            -75.3485616,
            5.0130784
          ],
          [
            -75.3486054,
            5.0130669
          ],
          [
            -75.3488262,
            5.0128891
          ],
          [
            -75.3488888,
            5.012872
          ],
          [
            -75.3494535,
            5.0128284
          ],
          [
            -75.3499648,
            5.0127647
          ],
          [
            -75.3500353,
            5.0127275
          ],
          [
            -75.3500687,
            5.0126547
          ],
          [
            -75.3500273,
            5.0121937
          ],
          [
            -75.3500406,
            5.0121394
          ],
          [
            -75.3500785,
            5.0120954
          ],
          [
            -75.3501303,
            5.0120681
          ],
          [
            -75.3501896,
            5.0120723
          ],
          [
            -75.3507442,
            5.012484
          ],
          [
            -75.3508471,
            5.0125245
          ],
          [
            -75.3509508,
            5.0125292
          ],
          [
            -75.3510455,
            5.0125051
          ],
          [
            -75.3511315,
            5.0124391
          ],
          [
            -75.3511642,
            5.0123506
          ],
          [
            -75.3511669,
            5.0121114
          ],
          [
            -75.3512002,
            5.0120661
          ],
          [
            -75.3512705,
            5.0120456
          ],
          [
            -75.3516156,
            5.0121303
          ],
          [
            -75.351691,
            5.0121164
          ],
          [
            -75.3517551,
            5.0120679
          ],
          [
            -75.3518757,
            5.011892
          ],
          [
            -75.3519468,
            5.0118537
          ],
          [
            -75.3520314,
            5.0118362
          ],
          [
            -75.3524707,
            5.0119749
          ],
          [
            -75.3525871,
            5.0119957
          ],
          [
            -75.3527129,
            5.0119961
          ],
          [
            -75.3539539,
            5.0118257
          ],
          [
            -75.3540528,
            5.0118369
          ],
          [
            -75.3541461,
            5.011874
          ],
          [
            -75.3548756,
            5.0124102
          ],
          [
            -75.3550431,
            5.0124959
          ],
          [
            -75.3566433,
            5.013144
          ],
          [
            -75.3568488,
            5.013199
          ],
          [
            -75.3580875,
            5.013322
          ],
          [
            -75.3591264,
            5.0134363
          ],
          [
            -75.359398,
            5.0134371
          ],
          [
            -75.3596694,
            5.013367
          ],
          [
            -75.3598857,
            5.0132386
          ],
          [
            -75.3601958,
            5.0129825
          ],
          [
            -75.3603969,
            5.0128731
          ],
          [
            -75.3606127,
            5.0128163
          ],
          [
            -75.3608629,
            5.012812
          ],
          [
            -75.3611146,
            5.012869
          ],
          [
            -75.3613182,
            5.0129448
          ],
          [
            -75.3637424,
            5.0141002
          ],
          [
            -75.3639149,
            5.0142055
          ],
          [
            -75.3640533,
            5.0143286
          ],
          [
            -75.3641527,
            5.014474
          ],
          [
            -75.3651466,
            5.0167919
          ],
          [
            -75.3652386,
            5.01697
          ],
          [
            -75.3653733,
            5.0171294
          ],
          [
            -75.3655227,
            5.0172492
          ],
          [
            -75.3665179,
            5.0178526
          ],
          [
            -75.3666268,
            5.0179049
          ],
          [
            -75.3667454,
            5.0179383
          ],
          [
            -75.3674787,
            5.0179923
          ],
          [
            -75.3688547,
            5.0179998
          ],
          [
            -75.3690192,
            5.0180404
          ],
          [
            -75.3691691,
            5.0181169
          ],
          [
            -75.3692999,
            5.0182329
          ],
          [
            -75.3698997,
            5.0193457
          ],
          [
            -75.3700807,
            5.0195472
          ],
          [
            -75.3702897,
            5.0196968
          ],
          [
            -75.3705112,
            5.019789
          ],
          [
            -75.3707847,
            5.0198491
          ],
          [
            -75.3715671,
            5.0199742
          ],
          [
            -75.3730346,
            5.0205953
          ],
          [
            -75.3745698,
            5.0211858
          ],
          [
            -75.3747828,
            5.0213287
          ],
          [
            -75.3748789,
            5.0215549
          ],
          [
            -75.3748846,
            5.0222744
          ],
          [
            -75.3749346,
            5.0225382
          ],
          [
            -75.3750454,
            5.0227696
          ],
          [
            -75.3752283,
            5.0229651
          ],
          [
            -75.3754706,
            5.0231053
          ],
          [
            -75.3791635,
            5.0244184
          ],
          [
            -75.3792668,
            5.0244753
          ],
          [
            -75.3802356,
            5.0254599
          ],
          [
            -75.3809264,
            5.026487
          ],
          [
            -75.3809928,
            5.0265258
          ],
          [
            -75.3810907,
            5.0265494
          ],
          [
            -75.3826507,
            5.0263571
          ],
          [
            -75.3829037,
            5.026292
          ],
          [
            -75.3831406,
            5.0261719
          ],
          [
            -75.3833096,
            5.025997
          ],
          [
            -75.3837298,
            5.0250205
          ],
          [
            -75.3839071,
            5.0247637
          ],
          [
            -75.3841798,
            5.0245464
          ],
          [
            -75.3845337,
            5.0244506
          ],
          [
            -75.3848659,
            5.0245328
          ],
          [
            -75.3853103,
            5.0247404
          ],
          [
            -75.3854804,
            5.0247547
          ],
          [
            -75.3856372,
            5.0247013
          ],
          [
            -75.3857751,
            5.024592
          ],
          [
            -75.3862224,
            5.0241424
          ],
          [
            -75.3864081,
            5.0240076
          ],
          [
            -75.3866803,
            5.0239392
          ],
          [
            -75.3869443,
            5.0239754
          ],
          [
            -75.3878103,
            5.0246014
          ],
          [
            -75.3880247,
            5.0246833
          ],
          [
            -75.3882645,
            5.0247092
          ],
          [
            -75.3884783,
            5.0246931
          ],
          [
            -75.3908784,
            5.0242285
          ],
          [
            -75.3910467,
            5.0242148
          ],
          [
            -75.3914922,
            5.0242158
          ],
          [
            -75.3917584,
            5.024233
          ],
          [
            -75.3918505,
            5.0242414
          ],
          [
            -75.3934258,
            5.0246733
          ],
          [
            -75.3936275,
            5.0246473
          ],
          [
            -75.3937818,
            5.0245629
          ],
          [
            -75.3938725,
            5.0244332
          ],
          [
            -75.3940726,
            5.0241656
          ],
          [
            -75.3943268,
            5.0240519
          ],
          [
            -75.3945706,
            5.0240429
          ],
          [
            -75.3947984,
            5.0240975
          ],
          [
            -75.3950005,
            5.0242208
          ],
          [
            -75.3950714,
            5.0244198
          ],
          [
            -75.3950706,
            5.0247716
          ],
          [
            -75.3950979,
            5.0248694
          ],
          [
            -75.3951553,
            5.0249664
          ],
          [
            -75.3956118,
            5.0253631
          ],
          [
            -75.3957983,
            5.0254979
          ],
          [
            -75.3960057,
            5.0256219
          ],
          [
            -75.3963024,
            5.0257578
          ],
          [
            -75.3966644,
            5.0258592
          ],
          [
            -75.396978,
            5.0258798
          ],
          [
            -75.3972526,
            5.0258407
          ],
          [
            -75.3975053,
            5.0257149
          ],
          [
            -75.3978765,
            5.0253878
          ],
          [
            -75.3980602,
            5.025285
          ],
          [
            -75.3983097,
            5.0252256
          ],
          [
            -75.3985387,
            5.0251999
          ],
          [
            -75.398795,
            5.0252384
          ],
          [
            -75.3992058,
            5.0253266
          ],
          [
            -75.3994618,
            5.0253754
          ],
          [
            -75.3996558,
            5.0253848
          ],
          [
            -75.4007812,
            5.0252711
          ],
          [
            -75.4011382,
            5.0253522
          ],
          [
            -75.4013663,
            5.0256023
          ],
          [
            -75.4014566,
            5.0259249
          ],
          [
            -75.4014114,
            5.0262297
          ],
          [
            -75.4012489,
            5.0265336
          ],
          [
            -75.4012331,
            5.0267073
          ],
          [
            -75.4012712,
            5.0268783
          ],
          [
            -75.4017529,
            5.0277816
          ],
          [
            -75.4019645,
            5.0280642
          ],
          [
            -75.4022043,
            5.0282613
          ],
          [
            -75.4024244,
            5.0283854
          ],
          [
            -75.402816,
            5.0285505
          ],
          [
            -75.4030184,
            5.028587
          ],
          [
            -75.4032132,
            5.0285669
          ],
          [
            -75.4034041,
            5.0285045
          ],
          [
            -75.4036089,
            5.0284056
          ],
          [
            -75.4046343,
            5.0278767
          ],
          [
            -75.4048678,
            5.0277942
          ],
          [
            -75.4051331,
            5.0277194
          ],
          [
            -75.4053987,
            5.027692
          ],
          [
            -75.4057015,
            5.0277084
          ],
          [
            -75.4059367,
            5.0277408
          ],
          [
            -75.4061823,
            5.0278288
          ],
          [
            -75.4063481,
            5.0279983
          ],
          [
            -75.4067544,
            5.0286301
          ],
          [
            -75.4069624,
            5.0287662
          ],
          [
            -75.407182,
            5.0287997
          ],
          [
            -75.4074054,
            5.0287451
          ],
          [
            -75.4076908,
            5.0286084
          ],
          [
            -75.4079087,
            5.028524
          ],
          [
            -75.4081561,
            5.0284877
          ],
          [
            -75.4089276,
            5.0284611
          ],
          [
            -75.4091919,
            5.0284439
          ],
          [
            -75.4094145,
            5.0284151
          ],
          [
            -75.4096239,
            5.0283667
          ],
          [
            -75.4098355,
            5.0282917
          ],
          [
            -75.4103095,
            5.0281137
          ],
          [
            -75.4104912,
            5.0280302
          ],
          [
            -75.4106565,
            5.0279434
          ],
          [
            -75.4108167,
            5.0278303
          ],
          [
            -75.4117352,
            5.0270758
          ],
          [
            -75.4118903,
            5.0269031
          ],
          [
            -75.4120083,
            5.0266828
          ],
          [
            -75.4120462,
            5.0264616
          ],
          [
            -75.4120242,
            5.0262485
          ],
          [
            -75.4119522,
            5.0260643
          ],
          [
            -75.411849,
            5.0259535
          ],
          [
            -75.4117425,
            5.0258905
          ],
          [
            -75.4116593,
            5.0258982
          ],
          [
            -75.4115911,
            5.0258799
          ],
          [
            -75.411553,
            5.0258192
          ],
          [
            -75.41155,
            5.0257499
          ],
          [
            -75.4117473,
            5.0246609
          ],
          [
            -75.411789,
            5.024573
          ],
          [
            -75.4118386,
            5.0245146
          ],
          [
            -75.4119148,
            5.0244472
          ],
          [
            -75.4119893,
            5.0243293
          ],
          [
            -75.4120073,
            5.0242001
          ],
          [
            -75.4119762,
            5.024074
          ],
          [
            -75.4119105,
            5.0239841
          ],
          [
            -75.4118489,
            5.0239386
          ],
          [
            -75.4117937,
            5.023879
          ],
          [
            -75.4117605,
            5.0237915
          ],
          [
            -75.4117491,
            5.0237016
          ],
          [
            -75.4117582,
            5.0235692
          ],
          [
            -75.4120451,
            5.0220354
          ],
          [
            -75.4121359,
            5.0218138
          ],
          [
            -75.4122435,
            5.0216249
          ],
          [
            -75.4123669,
            5.0215185
          ],
          [
            -75.4124669,
            5.0213735
          ],
          [
            -75.4125956,
            5.0211321
          ],
          [
            -75.4128,
            5.0209435
          ],
          [
            -75.4130802,
            5.0208832
          ],
          [
            -75.4133603,
            5.0209435
          ],
          [
            -75.4136253,
            5.0210944
          ],
          [
            -75.4138601,
            5.0211698
          ],
          [
            -75.4141781,
            5.0212075
          ],
          [
            -75.4144809,
            5.0212075
          ],
          [
            -75.4147232,
            5.0210868
          ],
          [
            -75.4148141,
            5.0208983
          ],
          [
            -75.414958,
            5.0207474
          ],
          [
            -75.4151397,
            5.0207851
          ],
          [
            -75.4153593,
            5.0209435
          ],
          [
            -75.4154956,
            5.0210567
          ],
          [
            -75.4156849,
            5.021034
          ],
          [
            -75.4158741,
            5.0208907
          ],
          [
            -75.416018,
            5.0209812
          ],
          [
            -75.4160937,
            5.0211924
          ],
          [
            -75.4161543,
            5.0214036
          ],
          [
            -75.4161619,
            5.0216752
          ],
          [
            -75.4163057,
            5.0218109
          ],
          [
            -75.4166086,
            5.0217431
          ],
          [
            -75.416813,
            5.021547
          ],
          [
            -75.4170781,
            5.0212452
          ],
          [
            -75.4173204,
            5.0210868
          ],
          [
            -75.4176535,
            5.0211095
          ],
          [
            -75.4181911,
            5.0210944
          ],
          [
            -75.4185243,
            5.0210039
          ],
          [
            -75.418865,
            5.0208832
          ],
          [
            -75.4192663,
            5.0209209
          ],
          [
            -75.4197357,
            5.0209209
          ],
          [
            -75.4202128,
            5.0211924
          ],
          [
            -75.4204551,
            5.0211924
          ],
          [
            -75.4209699,
            5.0212905
          ],
          [
            -75.4212206,
            5.0213329
          ],
          [
            -75.4215041,
            5.021323
          ],
          [
            -75.421721,
            5.0214547
          ],
          [
            -75.4218892,
            5.0215247
          ],
          [
            -75.4221124,
            5.0214792
          ],
          [
            -75.4223311,
            5.0214886
          ],
          [
            -75.4225428,
            5.0216163
          ],
          [
            -75.4226459,
            5.0217688
          ],
          [
            -75.4226812,
            5.0218788
          ],
          [
            -75.4227954,
            5.0219538
          ],
          [
            -75.4228598,
            5.0219807
          ],
          [
            -75.4230763,
            5.0219808
          ],
          [
            -75.4233528,
            5.0220417
          ],
          [
            -75.4235467,
            5.0221027
          ],
          [
            -75.4237948,
            5.022113
          ],
          [
            -75.4241127,
            5.022055
          ],
          [
            -75.424349,
            5.0220252
          ],
          [
            -75.4246785,
            5.0219838
          ],
          [
            -75.4248912,
            5.0220246
          ],
          [
            -75.4250804,
            5.0220752
          ]
        ]
      }
    },
    {
      "type": "Feature",
      "properties": {
        "osm_id": 486661044,
        "name": "Río Chinchiná"
      },
      "geometry": {
        "type": "LineString",
        "coordinates": [
          [
            -75.6663687,
            5.1040231
          ],
          [
            -75.6659638,
            5.1042199
          ],
          [
            -75.6656841,
            5.1044604
          ],
          [
            -75.6654032,
            5.1046442
          ],
          [
            -75.6650822,
            5.1049241
          ],
          [
            -75.6647944,
            5.1051595
          ],
          [
            -75.6646522,
            5.1053244
          ],
          [
            -75.6643214,
            5.105494
          ],
          [
            -75.6640678,
            5.1056495
          ],
          [
            -75.663779,
            5.1057985
          ],
          [
            -75.6635153,
            5.1058895
          ],
          [
            -75.6630459,
            5.105959
          ],
          [
            -75.6626765,
            5.1059548
          ],
          [
            -75.6624798,
            5.1060171
          ],
          [
            -75.6623225,
            5.1061189
          ],
          [
            -75.6621657,
            5.1062954
          ],
          [
            -75.6620257,
            5.1064246
          ],
          [
            -75.66198,
            5.1066155
          ],
          [
            -75.6619143,
            5.1067654
          ],
          [
            -75.6619062,
            5.1069614
          ],
          [
            -75.6620073,
            5.1070765
          ],
          [
            -75.6620119,
            5.1072933
          ],
          [
            -75.6621879,
            5.1074311
          ],
          [
            -75.6624043,
            5.1075859
          ],
          [
            -75.6627866,
            5.1076623
          ],
          [
            -75.6632292,
            5.1077476
          ],
          [
            -75.6635099,
            5.1076975
          ],
          [
            -75.6637983,
            5.1077489
          ],
          [
            -75.6641083,
            5.1078495
          ],
          [
            -75.6643648,
            5.1079481
          ],
          [
            -75.6644319,
            5.1082826
          ],
          [
            -75.6644116,
            5.1085175
          ],
          [
            -75.664371,
            5.1087487
          ],
          [
            -75.6643103,
            5.10892
          ],
          [
            -75.6642428,
            5.1090879
          ],
          [
            -75.6640558,
            5.109607
          ],
          [
            -75.6642017,
            5.1106973
          ],
          [
            -75.6644568,
            5.1115369
          ],
          [
            -75.6645485,
            5.1116796
          ],
          [
            -75.6647235,
            5.1118977
          ],
          [
            -75.6650071,
            5.1121647
          ],
          [
            -75.6652382,
            5.1122453
          ],
          [
            -75.6655587,
            5.1123624
          ],
          [
            -75.6658338,
            5.1123391
          ],
          [
            -75.6661917,
            5.1122557
          ],
          [
            -75.66644,
            5.112132
          ],
          [
            -75.6666979,
            5.1118863
          ],
          [
            -75.6668376,
            5.1115975
          ],
          [
            -75.6669929,
            5.1114121
          ],
          [
            -75.6672061,
            5.1112245
          ],
          [
            -75.6674061,
            5.1109212
          ],
          [
            -75.6675877,
            5.1105694
          ],
          [
            -75.6677658,
            5.1101352
          ],
          [
            -75.6678879,
            5.1098222
          ],
          [
            -75.6680419,
            5.1095284
          ],
          [
            -75.6681766,
            5.1092932
          ],
          [
            -75.6683725,
            5.1090803
          ],
          [
            -75.6685787,
            5.1088607
          ],
          [
            -75.6687412,
            5.1086989
          ],
          [
            -75.6688995,
            5.1086976
          ],
          [
            -75.6690889,
            5.108737
          ],
          [
            -75.6692896,
            5.1088863
          ],
          [
            -75.6694391,
            5.109054
          ],
          [
            -75.6695898,
            5.1092035
          ],
          [
            -75.6697637,
            5.1093686
          ],
          [
            -75.6699395,
            5.1095313
          ],
          [
            -75.6701441,
            5.1096282
          ],
          [
            -75.6702953,
            5.1096903
          ],
          [
            -75.6704674,
            5.1098392
          ],
          [
            -75.6707496,
            5.1098235
          ],
          [
            -75.6709699,
            5.1097662
          ],
          [
            -75.671145,
            5.1097662
          ],
          [
            -75.6714674,
            5.1096837
          ],
          [
            -75.6716954,
            5.1096162
          ],
          [
            -75.6719345,
            5.1095382
          ],
          [
            -75.6722395,
            5.1094719
          ],
          [
            -75.6725065,
            5.1094149
          ],
          [
            -75.6727915,
            5.1093784
          ],
          [
            -75.6730546,
            5.1093511
          ],
          [
            -75.6732979,
            5.1093883
          ],
          [
            -75.673479,
            5.1093727
          ],
          [
            -75.6737765,
            5.1095242
          ],
          [
            -75.6739237,
            5.1094345
          ],
          [
            -75.6741067,
            5.1094714
          ],
          [
            -75.6743036,
            5.1095484
          ],
          [
            -75.6745601,
            5.1096998
          ],
          [
            -75.6746927,
            5.1097698
          ],
          [
            -75.674759,
            5.1098868
          ],
          [
            -75.6748618,
            5.1100374
          ],
          [
            -75.6749235,
            5.1102395
          ],
          [
            -75.6749652,
            5.1103843
          ],
          [
            -75.6750448,
            5.1105575
          ],
          [
            -75.6750759,
            5.1107765
          ],
          [
            -75.6752158,
            5.1109653
          ],
          [
            -75.6752737,
            5.1111307
          ],
          [
            -75.6753055,
            5.1112879
          ],
          [
            -75.6752839,
            5.1113944
          ],
          [
            -75.6752137,
            5.1115743
          ],
          [
            -75.6751899,
            5.111773
          ],
          [
            -75.6752103,
            5.1119536
          ],
          [
            -75.6752012,
            5.1121633
          ],
          [
            -75.6751915,
            5.112278
          ],
          [
            -75.6750763,
            5.1123828
          ],
          [
            -75.6749756,
            5.1125438
          ],
          [
            -75.6748285,
            5.1127014
          ],
          [
            -75.6746731,
            5.1128412
          ],
          [
            -75.6745962,
            5.1130718
          ],
          [
            -75.6745486,
            5.1132987
          ],
          [
            -75.6744739,
            5.1134706
          ],
          [
            -75.6743829,
            5.1136335
          ],
          [
            -75.6742637,
            5.1138062
          ],
          [
            -75.6742123,
            5.1140414
          ],
          [
            -75.6741011,
            5.1142819
          ],
          [
            -75.6740111,
            5.1144903
          ],
          [
            -75.6738159,
            5.1146588
          ],
          [
            -75.6736029,
            5.1148079
          ],
          [
            -75.6734911,
            5.1150301
          ],
          [
            -75.6733609,
            5.1152599
          ],
          [
            -75.6732636,
            5.1155181
          ],
          [
            -75.6732311,
            5.1157533
          ],
          [
            -75.6732828,
            5.115951
          ],
          [
            -75.6732375,
            5.1161464
          ],
          [
            -75.6731343,
            5.1163331
          ],
          [
            -75.6730453,
            5.1165727
          ],
          [
            -75.6729162,
            5.1168686
          ],
          [
            -75.6728093,
            5.1172436
          ],
          [
            -75.6727197,
            5.1174221
          ],
          [
            -75.672619,
            5.1175853
          ],
          [
            -75.6725183,
            5.1178657
          ],
          [
            -75.6723956,
            5.1181447
          ],
          [
            -75.6722421,
            5.1184056
          ],
          [
            -75.6720964,
            5.1186983
          ],
          [
            -75.6719476,
            5.1189177
          ],
          [
            -75.6717591,
            5.1190032
          ],
          [
            -75.6714435,
            5.1191959
          ],
          [
            -75.6712947,
            5.1193114
          ],
          [
            -75.6711078,
            5.1193879
          ],
          [
            -75.6708341,
            5.1194058
          ],
          [
            -75.6706514,
            5.1193962
          ],
          [
            -75.6703473,
            5.1193602
          ],
          [
            -75.6700891,
            5.1194457
          ],
          [
            -75.6699168,
            5.1196966
          ],
          [
            -75.6699048,
            5.1199603
          ],
          [
            -75.6699048,
            5.1202716
          ],
          [
            -75.6700009,
            5.1204947
          ],
          [
            -75.6700655,
            5.1206935
          ],
          [
            -75.6702594,
            5.1210074
          ],
          [
            -75.6705683,
            5.1210702
          ],
          [
            -75.6707824,
            5.1211379
          ],
          [
            -75.6709833,
            5.1211803
          ],
          [
            -75.6713213,
            5.1211998
          ],
          [
            -75.6716053,
            5.121231
          ],
          [
            -75.6718489,
            5.1212406
          ],
          [
            -75.6721081,
            5.121269
          ],
          [
            -75.6723929,
            5.1212584
          ],
          [
            -75.6726103,
            5.1212431
          ],
          [
            -75.6728693,
            5.1213831
          ],
          [
            -75.6729911,
            5.1214801
          ],
          [
            -75.6731223,
            5.1216737
          ],
          [
            -75.6732556,
            5.1219184
          ],
          [
            -75.673383,
            5.122162
          ],
          [
            -75.6735242,
            5.1224158
          ],
          [
            -75.6736269,
            5.1227135
          ],
          [
            -75.6738143,
            5.1233387
          ],
          [
            -75.6740309,
            5.1236059
          ],
          [
            -75.674192,
            5.1238561
          ],
          [
            -75.6741965,
            5.1241542
          ],
          [
            -75.6742232,
            5.1242882
          ],
          [
            -75.6741443,
            5.1244149
          ],
          [
            -75.6739629,
            5.1244981
          ],
          [
            -75.673672,
            5.1245158
          ],
          [
            -75.6733706,
            5.1245032
          ],
          [
            -75.6730249,
            5.124567
          ],
          [
            -75.6726229,
            5.1246467
          ],
          [
            -75.6722381,
            5.1247912
          ],
          [
            -75.67191,
            5.1248753
          ],
          [
            -75.671663,
            5.1251104
          ],
          [
            -75.6714928,
            5.1253372
          ],
          [
            -75.6713955,
            5.1255524
          ],
          [
            -75.6713086,
            5.1258381
          ],
          [
            -75.6713097,
            5.1262487
          ],
          [
            -75.6714025,
            5.1265499
          ],
          [
            -75.6715881,
            5.1267393
          ],
          [
            -75.6717897,
            5.1270772
          ],
          [
            -75.671938,
            5.1274414
          ],
          [
            -75.6720626,
            5.1276181
          ],
          [
            -75.6721621,
            5.1279335
          ],
          [
            -75.6722511,
            5.1283312
          ],
          [
            -75.672424,
            5.1284382
          ],
          [
            -75.6725307,
            5.1286379
          ],
          [
            -75.6726405,
            5.1287617
          ],
          [
            -75.6727222,
            5.1290204
          ],
          [
            -75.6728589,
            5.1292934
          ],
          [
            -75.6730453,
            5.1295355
          ],
          [
            -75.6733255,
            5.1295757
          ],
          [
            -75.6736011,
            5.1295184
          ],
          [
            -75.6737835,
            5.1294184
          ],
          [
            -75.6740136,
            5.1293454
          ],
          [
            -75.6741167,
            5.129568
          ],
          [
            -75.6741867,
            5.129733
          ],
          [
            -75.6741867,
            5.1299109
          ],
          [
            -75.6741867,
            5.1301771
          ],
          [
            -75.6741639,
            5.1304333
          ],
          [
            -75.6741053,
            5.1306762
          ],
          [
            -75.6740041,
            5.1309127
          ],
          [
            -75.6738305,
            5.1311365
          ],
          [
            -75.6738592,
            5.131379
          ],
          [
            -75.6738329,
            5.1316548
          ],
          [
            -75.673953,
            5.1318956
          ],
          [
            -75.6743361,
            5.132139
          ],
          [
            -75.6745992,
            5.1322982
          ],
          [
            -75.674862,
            5.1325401
          ],
          [
            -75.6751829,
            5.13274
          ],
          [
            -75.6755175,
            5.1329622
          ],
          [
            -75.6756957,
            5.1331675
          ],
          [
            -75.6758529,
            5.1333157
          ],
          [
            -75.6760591,
            5.1337579
          ],
          [
            -75.6761597,
            5.1340482
          ],
          [
            -75.6763486,
            5.1343378
          ],
          [
            -75.676352,
            5.1344419
          ],
          [
            -75.6763078,
            5.1348141
          ],
          [
            -75.6763422,
            5.1353758
          ],
          [
            -75.6763526,
            5.1358128
          ],
          [
            -75.6764498,
            5.1362713
          ],
          [
            -75.676752,
            5.136442
          ],
          [
            -75.676983,
            5.1365152
          ],
          [
            -75.6771703,
            5.1365619
          ],
          [
            -75.6773704,
            5.1366537
          ],
          [
            -75.6774225,
            5.1369077
          ],
          [
            -75.6775229,
            5.1372491
          ],
          [
            -75.677606,
            5.1373393
          ],
          [
            -75.6777848,
            5.1374307
          ],
          [
            -75.6779144,
            5.1374886
          ],
          [
            -75.6782889,
            5.1375966
          ],
          [
            -75.6785387,
            5.1378216
          ],
          [
            -75.6787056,
            5.138043
          ],
          [
            -75.6788191,
            5.1382381
          ],
          [
            -75.678874,
            5.1384295
          ],
          [
            -75.6789267,
            5.1385869
          ],
          [
            -75.6789267,
            5.1388479
          ],
          [
            -75.6789267,
            5.1392411
          ],
          [
            -75.6788989,
            5.1396062
          ],
          [
            -75.6789639,
            5.1398699
          ],
          [
            -75.6790879,
            5.1400495
          ],
          [
            -75.6791982,
            5.1405313
          ]
        ]
      }
    },
    {
      "type": "Feature",
      "properties": {
        "osm_id": 486661045,
        "name": "Río Chinchiná"
      },
      "geometry": {
        "type": "LineString",
        "coordinates": [
          [
            -75.637875,
            5.0645308
          ],
          [
            -75.6378195,
            5.0650437
          ],
          [
            -75.6379067,
            5.0654422
          ],
          [
            -75.638176,
            5.0658092
          ],
          [
            -75.6385642,
            5.0660972
          ],
          [
            -75.6388574,
            5.0664287
          ],
          [
            -75.6391188,
            5.0667798
          ],
          [
            -75.6394832,
            5.0668272
          ],
          [
            -75.6399546,
            5.0668272
          ],
          [
            -75.6403666,
            5.0667601
          ],
          [
            -75.6409093,
            5.0667483
          ],
          [
            -75.6413608,
            5.0667562
          ],
          [
            -75.6418402,
            5.0667049
          ],
          [
            -75.6422759,
            5.0667167
          ],
          [
            -75.6427433,
            5.0668943
          ],
          [
            -75.6431236,
            5.0672612
          ],
          [
            -75.6432147,
            5.0678294
          ],
          [
            -75.6432622,
            5.068437
          ],
          [
            -75.6433217,
            5.0689224
          ],
          [
            -75.6434365,
            5.0694314
          ],
          [
            -75.643591,
            5.0698023
          ],
          [
            -75.643797,
            5.0700548
          ],
          [
            -75.6444348,
            5.0703113
          ],
          [
            -75.6449616,
            5.0703862
          ],
          [
            -75.6452904,
            5.0705362
          ],
          [
            -75.6457024,
            5.0706901
          ],
          [
            -75.6460025,
            5.070765
          ],
          [
            -75.6463243,
            5.0709426
          ],
          [
            -75.6466332,
            5.0712109
          ],
          [
            -75.6468432,
            5.0716449
          ],
          [
            -75.6468392,
            5.0722999
          ],
          [
            -75.6470135,
            5.0725879
          ],
          [
            -75.647271,
            5.0727852
          ],
          [
            -75.6476592,
            5.0729825
          ],
          [
            -75.6481821,
            5.0730851
          ],
          [
            -75.6485703,
            5.0732271
          ],
          [
            -75.6488317,
            5.0735231
          ],
          [
            -75.6491605,
            5.073894
          ],
          [
            -75.6494021,
            5.074253
          ],
          [
            -75.649727,
            5.0744858
          ],
          [
            -75.6500725,
            5.0748084
          ],
          [
            -75.6504479,
            5.0751488
          ],
          [
            -75.6509117,
            5.0753524
          ],
          [
            -75.6510716,
            5.075409
          ],
          [
            -75.6513082,
            5.0755141
          ],
          [
            -75.6514548,
            5.0756217
          ],
          [
            -75.6516253,
            5.075761
          ],
          [
            -75.6517615,
            5.0758819
          ],
          [
            -75.6518924,
            5.0761059
          ],
          [
            -75.6519826,
            5.0762918
          ],
          [
            -75.6520407,
            5.0764207
          ],
          [
            -75.6521442,
            5.0766417
          ],
          [
            -75.6521855,
            5.0767545
          ],
          [
            -75.6522177,
            5.0768761
          ],
          [
            -75.6522737,
            5.0769868
          ],
          [
            -75.6523642,
            5.0771664
          ],
          [
            -75.6524137,
            5.0773206
          ],
          [
            -75.6524646,
            5.077454
          ],
          [
            -75.6525763,
            5.0776411
          ],
          [
            -75.6526271,
            5.0777787
          ],
          [
            -75.65269,
            5.077918
          ],
          [
            -75.6527479,
            5.0780555
          ],
          [
            -75.6528,
            5.0781662
          ],
          [
            -75.6528764,
            5.0782977
          ],
          [
            -75.6529109,
            5.0784257
          ],
          [
            -75.6529854,
            5.0785697
          ],
          [
            -75.6530533,
            5.0787001
          ],
          [
            -75.6531567,
            5.0787996
          ],
          [
            -75.6532304,
            5.0789083
          ],
          [
            -75.6533134,
            5.0790386
          ],
          [
            -75.6534536,
            5.0791101
          ],
          [
            -75.6535123,
            5.0791844
          ],
          [
            -75.6536009,
            5.0792588
          ],
          [
            -75.6537144,
            5.0793657
          ],
          [
            -75.653832,
            5.0794507
          ],
          [
            -75.6539485,
            5.0795521
          ],
          [
            -75.6540322,
            5.0796105
          ],
          [
            -75.6542048,
            5.0796527
          ],
          [
            -75.6544205,
            5.0797715
          ],
          [
            -75.6545012,
            5.0798282
          ],
          [
            -75.6546055,
            5.0798762
          ],
          [
            -75.6547161,
            5.0799498
          ],
          [
            -75.6547957,
            5.0799679
          ],
          [
            -75.6548713,
            5.0799519
          ],
          [
            -75.6549518,
            5.0799299
          ],
          [
            -75.655086,
            5.0798691
          ],
          [
            -75.6551756,
            5.0797799
          ],
          [
            -75.6552773,
            5.0796449
          ],
          [
            -75.6553474,
            5.0795699
          ],
          [
            -75.6554885,
            5.0794113
          ],
          [
            -75.6555383,
            5.0792626
          ],
          [
            -75.6556557,
            5.0791507
          ],
          [
            -75.6557173,
            5.0790436
          ],
          [
            -75.6558135,
            5.0789225
          ],
          [
            -75.6559238,
            5.0787883
          ],
          [
            -75.6560641,
            5.0786832
          ],
          [
            -75.6562066,
            5.078608
          ],
          [
            -75.6563224,
            5.0785439
          ],
          [
            -75.656459,
            5.0785615
          ],
          [
            -75.6565827,
            5.0785827
          ],
          [
            -75.6567115,
            5.0786312
          ],
          [
            -75.6568458,
            5.0786566
          ],
          [
            -75.6569524,
            5.0787122
          ],
          [
            -75.6570872,
            5.0787559
          ],
          [
            -75.6572441,
            5.0788473
          ],
          [
            -75.6573449,
            5.0788713
          ],
          [
            -75.657511,
            5.0788583
          ],
          [
            -75.657586,
            5.0788193
          ],
          [
            -75.657703,
            5.0786593
          ],
          [
            -75.6578271,
            5.0785924
          ],
          [
            -75.6579401,
            5.0784944
          ],
          [
            -75.6581143,
            5.0784077
          ],
          [
            -75.65828,
            5.0783274
          ],
          [
            -75.658421,
            5.0782284
          ],
          [
            -75.6585111,
            5.0782259
          ],
          [
            -75.6587015,
            5.0781774
          ],
          [
            -75.6587775,
            5.0781268
          ],
          [
            -75.6589918,
            5.0780948
          ],
          [
            -75.6591701,
            5.078085
          ],
          [
            -75.6593815,
            5.0780421
          ]
        ]
      }
    },
    {
      "type": "Feature",
      "properties": {
        "osm_id": 486661046,
        "name": "Río Chinchiná"
      },
      "geometry": {
        "type": "LineString",
        "coordinates": [
          [
            -75.6050938,
            5.0225392
          ],
          [
            -75.6057479,
            5.0234167
          ],
          [
            -75.6059673,
            5.0238545
          ],
          [
            -75.606049,
            5.0242197
          ],
          [
            -75.6060559,
            5.0244032
          ],
          [
            -75.6060214,
            5.0245865
          ],
          [
            -75.6059276,
            5.0247797
          ],
          [
            -75.6056827,
            5.0250408
          ],
          [
            -75.6053128,
            5.0253041
          ],
          [
            -75.6049272,
            5.0256175
          ],
          [
            -75.6046665,
            5.0260009
          ],
          [
            -75.6045262,
            5.026351
          ],
          [
            -75.6043666,
            5.0276009
          ],
          [
            -75.6042634,
            5.0278506
          ],
          [
            -75.6040087,
            5.0281747
          ],
          [
            -75.6036252,
            5.0285288
          ],
          [
            -75.6033879,
            5.0286938
          ],
          [
            -75.6029043,
            5.0289689
          ],
          [
            -75.6026965,
            5.0291329
          ],
          [
            -75.6025303,
            5.0293323
          ],
          [
            -75.6019127,
            5.0302808
          ],
          [
            -75.6015231,
            5.0309221
          ],
          [
            -75.6013453,
            5.0312004
          ],
          [
            -75.6011338,
            5.0314181
          ],
          [
            -75.6002892,
            5.0322503
          ],
          [
            -75.6000337,
            5.0326385
          ],
          [
            -75.5996195,
            5.033037
          ],
          [
            -75.5995451,
            5.0331438
          ],
          [
            -75.5993987,
            5.0338384
          ],
          [
            -75.5991635,
            5.0342797
          ],
          [
            -75.5991886,
            5.0349318
          ],
          [
            -75.5989544,
            5.0360819
          ],
          [
            -75.5986267,
            5.0373195
          ],
          [
            -75.5985652,
            5.0379778
          ],
          [
            -75.5985922,
            5.0382237
          ],
          [
            -75.5986962,
            5.0384285
          ],
          [
            -75.5988216,
            5.038584
          ],
          [
            -75.5989671,
            5.0387078
          ],
          [
            -75.5992815,
            5.0388042
          ],
          [
            -75.6002015,
            5.0389357
          ],
          [
            -75.6010367,
            5.0387623
          ],
          [
            -75.6015878,
            5.0389819
          ],
          [
            -75.6022201,
            5.0395482
          ],
          [
            -75.6024057,
            5.0399006
          ],
          [
            -75.6028233,
            5.0400798
          ],
          [
            -75.603357,
            5.0403802
          ],
          [
            -75.6034614,
            5.0410505
          ],
          [
            -75.603183,
            5.0415937
          ],
          [
            -75.6028581,
            5.0422813
          ],
          [
            -75.6026551,
            5.0425875
          ],
          [
            -75.6023419,
            5.0425413
          ],
          [
            -75.6017038,
            5.042027
          ],
          [
            -75.6010715,
            5.0415532
          ],
          [
            -75.6007061,
            5.0412354
          ],
          [
            -75.600068,
            5.0412874
          ],
          [
            -75.5998012,
            5.041559
          ],
          [
            -75.5996678,
            5.0419461
          ],
          [
            -75.5997722,
            5.0424604
          ],
          [
            -75.5997374,
            5.0430151
          ],
          [
            -75.5994474,
            5.0435467
          ],
          [
            -75.5987745,
            5.0442979
          ],
          [
            -75.598061,
            5.0446619
          ],
          [
            -75.5974635,
            5.0447659
          ],
          [
            -75.597309,
            5.044974
          ],
          [
            -75.5971276,
            5.0452381
          ],
          [
            -75.5969877,
            5.0459349
          ],
          [
            -75.5972675,
            5.046655
          ],
          [
            -75.5978232,
            5.0471523
          ],
          [
            -75.5985483,
            5.0474296
          ],
          [
            -75.5993372,
            5.0479323
          ],
          [
            -75.5999694,
            5.0483079
          ],
          [
            -75.601205,
            5.0491631
          ],
          [
            -75.6017502,
            5.0496138
          ],
          [
            -75.6022317,
            5.0501511
          ],
          [
            -75.6026319,
            5.0504111
          ],
          [
            -75.6029568,
            5.0506423
          ],
          [
            -75.6033338,
            5.0509196
          ],
          [
            -75.6038437,
            5.0511899
          ],
          [
            -75.6044797,
            5.0514545
          ],
          [
            -75.6051086,
            5.051697
          ],
          [
            -75.6053484,
            5.0518826
          ],
          [
            -75.6054128,
            5.052538
          ],
          [
            -75.6055591,
            5.0529858
          ],
          [
            -75.6060163,
            5.0535347
          ],
          [
            -75.6066442,
            5.0538836
          ],
          [
            -75.6070058,
            5.0545
          ],
          [
            -75.6070669,
            5.0550518
          ],
          [
            -75.6068866,
            5.0557665
          ],
          [
            -75.6067156,
            5.0561315
          ],
          [
            -75.6067395,
            5.0565361
          ],
          [
            -75.6070723,
            5.0567452
          ],
          [
            -75.6079142,
            5.0566712
          ],
          [
            -75.6085001,
            5.0568981
          ],
          [
            -75.6088881,
            5.0572704
          ],
          [
            -75.6090893,
            5.0575857
          ],
          [
            -75.6092894,
            5.0576992
          ],
          [
            -75.6097411,
            5.0586076
          ],
          [
            -75.6098974,
            5.0588927
          ],
          [
            -75.6099998,
            5.0593071
          ],
          [
            -75.6101771,
            5.0597858
          ],
          [
            -75.6104212,
            5.060353
          ],
          [
            -75.6107258,
            5.0607488
          ],
          [
            -75.6110187,
            5.0610868
          ],
          [
            -75.6115147,
            5.0613584
          ],
          [
            -75.6120193,
            5.0615548
          ],
          [
            -75.6125356,
            5.0618697
          ],
          [
            -75.6131127,
            5.0620777
          ],
          [
            -75.6135669,
            5.0625194
          ],
          [
            -75.6141975,
            5.0627364
          ],
          [
            -75.6147804,
            5.062982
          ],
          [
            -75.6152006,
            5.0631668
          ],
          [
            -75.6160325,
            5.0633926
          ],
          [
            -75.6164042,
            5.0630281
          ],
          [
            -75.6168251,
            5.0626035
          ],
          [
            -75.6172196,
            5.0622655
          ],
          [
            -75.6176633,
            5.0619506
          ],
          [
            -75.617994,
            5.0617195
          ],
          [
            -75.6183768,
            5.0615722
          ],
          [
            -75.6187684,
            5.0614364
          ],
          [
            -75.6192846,
            5.0613093
          ],
          [
            -75.6196936,
            5.061211
          ],
          [
            -75.6203432,
            5.0611417
          ],
          [
            -75.620497,
            5.0616068
          ],
          [
            -75.6203838,
            5.0621211
          ],
          [
            -75.6201489,
            5.0626729
          ],
          [
            -75.6197777,
            5.0632507
          ],
          [
            -75.6195341,
            5.0636147
          ],
          [
            -75.6192817,
            5.0641694
          ],
          [
            -75.6191396,
            5.0646085
          ],
          [
            -75.61914,
            5.0647893
          ],
          [
            -75.6193531,
            5.0649339
          ],
          [
            -75.6194705,
            5.0652762
          ],
          [
            -75.6193317,
            5.0656864
          ],
          [
            -75.6195834,
            5.0661686
          ],
          [
            -75.6198734,
            5.0666568
          ],
          [
            -75.6200068,
            5.0672693
          ],
          [
            -75.6200532,
            5.0677228
          ],
          [
            -75.6201634,
            5.0681504
          ],
          [
            -75.6204912,
            5.0685664
          ],
          [
            -75.6210103,
            5.0686358
          ],
          [
            -75.6214338,
            5.0688004
          ],
          [
            -75.6218427,
            5.0690893
          ],
          [
            -75.6220701,
            5.0695974
          ],
          [
            -75.6225946,
            5.0696804
          ],
          [
            -75.6231218,
            5.0694216
          ],
          [
            -75.6234988,
            5.0687744
          ],
          [
            -75.6237685,
            5.0683035
          ],
          [
            -75.623986,
            5.068058
          ],
          [
            -75.6243254,
            5.0678037
          ],
          [
            -75.6246241,
            5.0676795
          ],
          [
            -75.6250186,
            5.0676333
          ],
          [
            -75.6255029,
            5.0677806
          ],
          [
            -75.6258829,
            5.0679568
          ],
          [
            -75.6265296,
            5.0679944
          ],
          [
            -75.6272344,
            5.0680493
          ],
          [
            -75.6279247,
            5.0679597
          ],
          [
            -75.6283506,
            5.0678616
          ],
          [
            -75.6289166,
            5.0678268
          ],
          [
            -75.6291312,
            5.0680955
          ],
          [
            -75.6295634,
            5.0682024
          ],
          [
            -75.6300129,
            5.0683989
          ],
          [
            -75.6304219,
            5.0684653
          ],
          [
            -75.6309555,
            5.068422
          ],
          [
            -75.6314167,
            5.0682226
          ],
          [
            -75.6318343,
            5.0679684
          ],
          [
            -75.6320896,
            5.0677055
          ],
          [
            -75.6322288,
            5.066885
          ],
          [
            -75.6324724,
            5.066209
          ],
          [
            -75.6326348,
            5.065663
          ],
          [
            -75.6327421,
            5.0653192
          ],
          [
            -75.632716,
            5.0648454
          ],
          [
            -75.6327276,
            5.0643572
          ],
          [
            -75.6327683,
            5.0640779
          ],
          [
            -75.6328445,
            5.0638764
          ],
          [
            -75.6329314,
            5.06373
          ],
          [
            -75.6330392,
            5.0636756
          ],
          [
            -75.6335364,
            5.0636532
          ],
          [
            -75.6338939,
            5.0635838
          ],
          [
            -75.6343178,
            5.0631892
          ],
          [
            -75.6346822,
            5.0630116
          ],
          [
            -75.6350189,
            5.0627512
          ],
          [
            -75.635423,
            5.06255
          ],
          [
            -75.6357716,
            5.062329
          ],
          [
            -75.63614,
            5.0622264
          ],
          [
            -75.6365598,
            5.0623724
          ],
          [
            -75.6371421,
            5.0623921
          ],
          [
            -75.6376254,
            5.0623724
          ],
          [
            -75.6380968,
            5.0626447
          ],
          [
            -75.6384969,
            5.0629209
          ],
          [
            -75.6387147,
            5.0632444
          ],
          [
            -75.6387266,
            5.0634812
          ],
          [
            -75.63818,
            5.0640217
          ],
          [
            -75.637875,
            5.0645308
          ]
        ]
      }
    },
    {
      "type": "Feature",
      "properties": {
        "osm_id": 486661047,
        "name": "Río Chinchiná"
      },
      "geometry": {
        "type": "LineString",
        "coordinates": [
          [
            -75.5367316,
            5.007357
          ],
          [
            -75.5368678,
            5.007295
          ],
          [
            -75.5369748,
            5.0071368
          ],
          [
            -75.5370639,
            5.0068038
          ],
          [
            -75.5370833,
            5.0065923
          ],
          [
            -75.5369368,
            5.0063872
          ],
          [
            -75.5365591,
            5.00609
          ],
          [
            -75.5363746,
            5.0059319
          ],
          [
            -75.536263,
            5.0057381
          ],
          [
            -75.5362477,
            5.0055209
          ],
          [
            -75.536329,
            5.0053705
          ],
          [
            -75.5365228,
            5.005309
          ],
          [
            -75.5368389,
            5.0052669
          ],
          [
            -75.5372072,
            5.0052719
          ],
          [
            -75.5375844,
            5.0053183
          ],
          [
            -75.5377091,
            5.0053162
          ],
          [
            -75.5377996,
            5.0052455
          ],
          [
            -75.5378122,
            5.0051143
          ],
          [
            -75.5378085,
            5.0048599
          ],
          [
            -75.5378527,
            5.0045647
          ],
          [
            -75.5379633,
            5.0042661
          ],
          [
            -75.5381192,
            5.0041609
          ],
          [
            -75.5382721,
            5.0042202
          ],
          [
            -75.5383988,
            5.0043824
          ],
          [
            -75.5384858,
            5.0046421
          ],
          [
            -75.5385291,
            5.0048149
          ],
          [
            -75.5384884,
            5.0049421
          ],
          [
            -75.5383352,
            5.0050537
          ],
          [
            -75.5383124,
            5.0051866
          ],
          [
            -75.5383716,
            5.0053567
          ],
          [
            -75.5384608,
            5.005693
          ],
          [
            -75.5385961,
            5.0058897
          ],
          [
            -75.5387415,
            5.006031
          ],
          [
            -75.5389345,
            5.0061427
          ],
          [
            -75.5391718,
            5.0061901
          ],
          [
            -75.5396706,
            5.0061878
          ],
          [
            -75.5400418,
            5.0061635
          ],
          [
            -75.5402831,
            5.0061456
          ],
          [
            -75.5404887,
            5.006135
          ],
          [
            -75.5407751,
            5.0060357
          ],
          [
            -75.540973,
            5.0059107
          ],
          [
            -75.5411966,
            5.0058461
          ],
          [
            -75.541437,
            5.0058113
          ],
          [
            -75.5416414,
            5.0057855
          ],
          [
            -75.5418462,
            5.0058029
          ],
          [
            -75.5420536,
            5.0057524
          ],
          [
            -75.5422985,
            5.0055937
          ],
          [
            -75.5425946,
            5.0053588
          ],
          [
            -75.54281,
            5.0052187
          ],
          [
            -75.5430064,
            5.0050739
          ],
          [
            -75.5432356,
            5.0049298
          ],
          [
            -75.543414,
            5.0048131
          ],
          [
            -75.5435809,
            5.0046738
          ],
          [
            -75.5436913,
            5.0044761
          ],
          [
            -75.5437719,
            5.0042251
          ],
          [
            -75.5438684,
            5.0039906
          ],
          [
            -75.543978,
            5.003757
          ],
          [
            -75.5441722,
            5.0035406
          ],
          [
            -75.5444494,
            5.0033366
          ],
          [
            -75.5446955,
            5.0032291
          ],
          [
            -75.5449453,
            5.0032037
          ],
          [
            -75.5451339,
            5.0032909
          ],
          [
            -75.5452432,
            5.0034287
          ],
          [
            -75.5453824,
            5.0037152
          ],
          [
            -75.5455282,
            5.0038503
          ],
          [
            -75.5457385,
            5.0039162
          ],
          [
            -75.5460795,
            5.0039291
          ],
          [
            -75.5463669,
            5.0038601
          ],
          [
            -75.5466393,
            5.0037624
          ],
          [
            -75.5468838,
            5.0036539
          ],
          [
            -75.5471175,
            5.0035073
          ],
          [
            -75.5475286,
            5.0032394
          ],
          [
            -75.5478088,
            5.0030233
          ],
          [
            -75.5479005,
            5.0029285
          ],
          [
            -75.5480063,
            5.0027733
          ],
          [
            -75.5481248,
            5.0026169
          ],
          [
            -75.5483401,
            5.0025342
          ],
          [
            -75.548592,
            5.0025835
          ],
          [
            -75.5491425,
            5.0029803
          ],
          [
            -75.5494018,
            5.0031461
          ],
          [
            -75.5496968,
            5.0032737
          ],
          [
            -75.549879,
            5.0032596
          ],
          [
            -75.5501423,
            5.0032262
          ],
          [
            -75.5503512,
            5.003314
          ],
          [
            -75.5504651,
            5.0034912
          ],
          [
            -75.5504927,
            5.0036848
          ],
          [
            -75.5503298,
            5.0039959
          ],
          [
            -75.5501944,
            5.0044659
          ],
          [
            -75.5501675,
            5.0046355
          ],
          [
            -75.550142,
            5.0049665
          ],
          [
            -75.5501556,
            5.0052398
          ],
          [
            -75.550252,
            5.0054453
          ],
          [
            -75.5504145,
            5.0055844
          ],
          [
            -75.5506208,
            5.0056529
          ],
          [
            -75.5508914,
            5.0057199
          ],
          [
            -75.5512437,
            5.0057362
          ],
          [
            -75.5517704,
            5.0056791
          ],
          [
            -75.5521453,
            5.0056244
          ],
          [
            -75.5523694,
            5.0056491
          ],
          [
            -75.5526239,
            5.0058867
          ],
          [
            -75.5527748,
            5.0059841
          ],
          [
            -75.5535298,
            5.0061412
          ],
          [
            -75.5537361,
            5.0061572
          ],
          [
            -75.5540049,
            5.0061172
          ],
          [
            -75.5542761,
            5.0060336
          ],
          [
            -75.5545693,
            5.0060072
          ],
          [
            -75.554811,
            5.0060621
          ],
          [
            -75.5550824,
            5.0062542
          ],
          [
            -75.5552305,
            5.0062974
          ],
          [
            -75.5554429,
            5.0062261
          ],
          [
            -75.5556023,
            5.0060368
          ],
          [
            -75.5556686,
            5.0057779
          ],
          [
            -75.5556707,
            5.0055013
          ],
          [
            -75.5556552,
            5.0051601
          ],
          [
            -75.5556993,
            5.0049239
          ],
          [
            -75.5559047,
            5.0047348
          ],
          [
            -75.5561641,
            5.0045546
          ],
          [
            -75.556458,
            5.0044395
          ],
          [
            -75.5566997,
            5.004318
          ],
          [
            -75.5568813,
            5.0041464
          ],
          [
            -75.5569456,
            5.0039088
          ],
          [
            -75.5568608,
            5.0036942
          ],
          [
            -75.5565796,
            5.0034924
          ],
          [
            -75.5562482,
            5.0032882
          ],
          [
            -75.5560387,
            5.0032311
          ],
          [
            -75.5557837,
            5.0029631
          ],
          [
            -75.5555642,
            5.0025577
          ],
          [
            -75.5554247,
            5.0023033
          ],
          [
            -75.5551993,
            5.0020741
          ],
          [
            -75.5549978,
            5.0019061
          ],
          [
            -75.5548272,
            5.001742
          ],
          [
            -75.5547179,
            5.0015391
          ],
          [
            -75.5547083,
            5.0012649
          ],
          [
            -75.5548412,
            5.0010751
          ],
          [
            -75.5550325,
            5.0009405
          ],
          [
            -75.5551489,
            5.0007352
          ],
          [
            -75.5552385,
            5.0004942
          ],
          [
            -75.5553102,
            5.0002354
          ],
          [
            -75.5553288,
            4.9998231
          ],
          [
            -75.5553992,
            4.99966
          ],
          [
            -75.555496,
            4.9994963
          ],
          [
            -75.5556355,
            4.9993312
          ],
          [
            -75.5558185,
            4.9991723
          ],
          [
            -75.5560669,
            4.9990707
          ],
          [
            -75.5563971,
            4.9990385
          ],
          [
            -75.556814,
            4.9990194
          ],
          [
            -75.5569653,
            4.9989289
          ],
          [
            -75.5570328,
            4.9987655
          ],
          [
            -75.5570392,
            4.9985865
          ],
          [
            -75.5569248,
            4.9983417
          ],
          [
            -75.5566226,
            4.9981028
          ],
          [
            -75.5563367,
            4.9976591
          ],
          [
            -75.5561307,
            4.9973622
          ],
          [
            -75.5559839,
            4.9970742
          ],
          [
            -75.5559218,
            4.9967426
          ],
          [
            -75.5559339,
            4.9965424
          ],
          [
            -75.5560496,
            4.9963125
          ],
          [
            -75.5561874,
            4.9961852
          ],
          [
            -75.5563662,
            4.9960611
          ],
          [
            -75.5570779,
            4.995604
          ],
          [
            -75.5573329,
            4.995318
          ],
          [
            -75.5574636,
            4.9949827
          ],
          [
            -75.5574611,
            4.9945792
          ],
          [
            -75.5573111,
            4.9937584
          ],
          [
            -75.5573157,
            4.9936015
          ],
          [
            -75.5574418,
            4.9928148
          ],
          [
            -75.5575114,
            4.9926726
          ],
          [
            -75.5576493,
            4.9925826
          ],
          [
            -75.5578071,
            4.9925714
          ],
          [
            -75.55795,
            4.9925981
          ],
          [
            -75.5585804,
            4.992802
          ],
          [
            -75.5589676,
            4.992778
          ],
          [
            -75.5593083,
            4.9925889
          ],
          [
            -75.5595105,
            4.9922762
          ],
          [
            -75.5596133,
            4.9918305
          ],
          [
            -75.5597058,
            4.991606
          ],
          [
            -75.5598319,
            4.9913859
          ],
          [
            -75.5600252,
            4.9912031
          ],
          [
            -75.5602781,
            4.9910877
          ],
          [
            -75.5605566,
            4.991069
          ],
          [
            -75.5608844,
            4.9910913
          ],
          [
            -75.5612085,
            4.9911676
          ],
          [
            -75.5616649,
            4.9913373
          ],
          [
            -75.5621862,
            4.9916007
          ],
          [
            -75.5629399,
            4.9921134
          ],
          [
            -75.5631522,
            4.9922947
          ],
          [
            -75.5633285,
            4.9924918
          ],
          [
            -75.5637927,
            4.9932216
          ],
          [
            -75.5640183,
            4.9934089
          ],
          [
            -75.5643222,
            4.9935135
          ],
          [
            -75.5646317,
            4.9935563
          ],
          [
            -75.5654024,
            4.9935726
          ],
          [
            -75.5656685,
            4.9936212
          ],
          [
            -75.5659027,
            4.9937092
          ],
          [
            -75.5664105,
            4.9939927
          ],
          [
            -75.5666623,
            4.994059
          ],
          [
            -75.5669156,
            4.994054
          ],
          [
            -75.5671649,
            4.9939879
          ],
          [
            -75.5673782,
            4.9938832
          ],
          [
            -75.5679093,
            4.9935466
          ],
          [
            -75.5681851,
            4.9934695
          ],
          [
            -75.5684738,
            4.9935015
          ],
          [
            -75.5692522,
            4.9940244
          ],
          [
            -75.569481,
            4.994109
          ],
          [
            -75.5697612,
            4.9941116
          ],
          [
            -75.5700059,
            4.9940435
          ],
          [
            -75.5702306,
            4.993943
          ],
          [
            -75.5713272,
            4.9933612
          ],
          [
            -75.5715123,
            4.9932837
          ],
          [
            -75.5717153,
            4.9932206
          ],
          [
            -75.5724414,
            4.9930429
          ],
          [
            -75.5726152,
            4.9929866
          ],
          [
            -75.572801,
            4.9929037
          ],
          [
            -75.5729637,
            4.9927986
          ],
          [
            -75.5731408,
            4.9926595
          ],
          [
            -75.5733108,
            4.9924901
          ],
          [
            -75.5735774,
            4.9921781
          ],
          [
            -75.5737532,
            4.9918936
          ],
          [
            -75.5739178,
            4.9915946
          ],
          [
            -75.5741635,
            4.9910973
          ],
          [
            -75.5743567,
            4.9908491
          ],
          [
            -75.5745836,
            4.9906722
          ],
          [
            -75.5749213,
            4.9904809
          ],
          [
            -75.5756059,
            4.9901372
          ],
          [
            -75.5758849,
            4.9900281
          ],
          [
            -75.5761898,
            4.9899273
          ],
          [
            -75.5764696,
            4.9898527
          ],
          [
            -75.5773912,
            4.9896352
          ],
          [
            -75.5776257,
            4.9895551
          ],
          [
            -75.5778539,
            4.9894458
          ],
          [
            -75.5780782,
            4.9893178
          ],
          [
            -75.5782973,
            4.9891511
          ],
          [
            -75.5786659,
            4.9888343
          ],
          [
            -75.5788136,
            4.9886924
          ],
          [
            -75.5789476,
            4.9885406
          ],
          [
            -75.5790508,
            4.9883842
          ],
          [
            -75.5791844,
            4.9882304
          ],
          [
            -75.5793803,
            4.9880792
          ],
          [
            -75.5796178,
            4.9879517
          ],
          [
            -75.5802446,
            4.9876865
          ],
          [
            -75.5805072,
            4.9875346
          ],
          [
            -75.5807291,
            4.9873229
          ],
          [
            -75.5808912,
            4.9870683
          ],
          [
            -75.5809913,
            4.9868063
          ],
          [
            -75.581058,
            4.9865785
          ],
          [
            -75.5811963,
            4.9861204
          ],
          [
            -75.5812972,
            4.9859014
          ],
          [
            -75.5814479,
            4.985719
          ],
          [
            -75.5818797,
            4.985364
          ],
          [
            -75.5820226,
            4.9852987
          ],
          [
            -75.5821689,
            4.9852816
          ],
          [
            -75.5823042,
            4.9853381
          ],
          [
            -75.5824853,
            4.9855787
          ],
          [
            -75.5826074,
            4.9856657
          ],
          [
            -75.5829498,
            4.9857929
          ],
          [
            -75.5834331,
            4.9858286
          ],
          [
            -75.5836863,
            4.9857753
          ],
          [
            -75.5838615,
            4.9856943
          ],
          [
            -75.5840331,
            4.9855445
          ],
          [
            -75.584171,
            4.9853479
          ],
          [
            -75.5842589,
            4.9851242
          ],
          [
            -75.5843,
            4.9848557
          ],
          [
            -75.584312,
            4.9845837
          ],
          [
            -75.5843101,
            4.9840268
          ],
          [
            -75.5843714,
            4.9836255
          ],
          [
            -75.5844441,
            4.9833706
          ],
          [
            -75.5846045,
            4.9831931
          ],
          [
            -75.5848284,
            4.9829725
          ],
          [
            -75.5852572,
            4.9827153
          ],
          [
            -75.5855332,
            4.9826309
          ],
          [
            -75.5858551,
            4.982683
          ],
          [
            -75.5860046,
            4.9828994
          ],
          [
            -75.5860555,
            4.9832169
          ],
          [
            -75.5860736,
            4.9836688
          ],
          [
            -75.5860516,
            4.983828
          ],
          [
            -75.5861017,
            4.9839429
          ],
          [
            -75.5861973,
            4.9841221
          ],
          [
            -75.5864023,
            4.984332
          ],
          [
            -75.5865149,
            4.9843859
          ],
          [
            -75.5865832,
            4.9844146
          ],
          [
            -75.5867544,
            4.9844988
          ],
          [
            -75.5869935,
            4.984599
          ],
          [
            -75.5872936,
            4.9846232
          ],
          [
            -75.5875337,
            4.9846117
          ],
          [
            -75.5877914,
            4.9845996
          ],
          [
            -75.5879711,
            4.9845996
          ],
          [
            -75.5881796,
            4.9845584
          ],
          [
            -75.5884121,
            4.9844913
          ],
          [
            -75.5887024,
            4.9844869
          ],
          [
            -75.5890349,
            4.9844667
          ],
          [
            -75.5892701,
            4.9845407
          ],
          [
            -75.5895289,
            4.9845923
          ],
          [
            -75.5896031,
            4.9845941
          ],
          [
            -75.5898589,
            4.9847149
          ],
          [
            -75.5901124,
            4.9848814
          ],
          [
            -75.5903106,
            4.9850725
          ],
          [
            -75.5904215,
            4.9853067
          ],
          [
            -75.5903121,
            4.9857649
          ],
          [
            -75.5901148,
            4.9859613
          ],
          [
            -75.5899591,
            4.9861317
          ],
          [
            -75.5898021,
            4.9862998
          ],
          [
            -75.5896298,
            4.9865836
          ],
          [
            -75.5895134,
            4.9867123
          ],
          [
            -75.5893597,
            4.9868229
          ],
          [
            -75.5892866,
            4.9869953
          ],
          [
            -75.5892188,
            4.9871997
          ],
          [
            -75.5892159,
            4.9872746
          ],
          [
            -75.5892134,
            4.9873737
          ],
          [
            -75.5892356,
            4.9875167
          ],
          [
            -75.5892911,
            4.9876514
          ],
          [
            -75.5894645,
            4.9877945
          ],
          [
            -75.5897412,
            4.9878717
          ],
          [
            -75.589895,
            4.9878267
          ],
          [
            -75.5900611,
            4.9877734
          ],
          [
            -75.5902999,
            4.9876981
          ],
          [
            -75.5905743,
            4.9876472
          ],
          [
            -75.590847,
            4.987582
          ],
          [
            -75.5911044,
            4.9875225
          ],
          [
            -75.591499,
            4.9874408
          ],
          [
            -75.5918815,
            4.9874528
          ],
          [
            -75.5922484,
            4.9874528
          ],
          [
            -75.5924925,
            4.9874852
          ],
          [
            -75.5925923,
            4.9874791
          ],
          [
            -75.5927158,
            4.9874895
          ],
          [
            -75.5929133,
            4.9875483
          ],
          [
            -75.5931362,
            4.987557
          ],
          [
            -75.593399,
            4.9876635
          ],
          [
            -75.5936105,
            4.9877091
          ],
          [
            -75.5938295,
            4.9877348
          ],
          [
            -75.5943007,
            4.9877379
          ],
          [
            -75.5945091,
            4.9877091
          ],
          [
            -75.594748,
            4.9876662
          ],
          [
            -75.5949346,
            4.9876757
          ],
          [
            -75.5952121,
            4.9877168
          ],
          [
            -75.5954177,
            4.9875723
          ],
          [
            -75.5955431,
            4.987334
          ],
          [
            -75.5956543,
            4.9871707
          ],
          [
            -75.5958075,
            4.9869917
          ],
          [
            -75.5959391,
            4.9867523
          ],
          [
            -75.5960542,
            4.9864566
          ],
          [
            -75.5961845,
            4.9862939
          ],
          [
            -75.5963042,
            4.9861947
          ]
        ]
      }
    },
    {
      "type": "Feature",
      "properties": {
        "osm_id": 486661048,
        "name": "Río Chinchiná"
      },
      "geometry": {
        "type": "LineString",
        "coordinates": [
          [
            -75.5274488,
            5.0367145
          ],
          [
            -75.5275961,
            5.0366295
          ],
          [
            -75.5277611,
            5.0365138
          ],
          [
            -75.527825,
            5.0364167
          ],
          [
            -75.5278892,
            5.0361247
          ],
          [
            -75.5279138,
            5.0360119
          ],
          [
            -75.527962,
            5.035863
          ],
          [
            -75.528038,
            5.0357405
          ],
          [
            -75.5281647,
            5.0356291
          ],
          [
            -75.5283678,
            5.0355642
          ],
          [
            -75.5285662,
            5.0355464
          ],
          [
            -75.5287887,
            5.0355505
          ],
          [
            -75.5290203,
            5.0356039
          ],
          [
            -75.5291498,
            5.0357073
          ],
          [
            -75.5291996,
            5.0358074
          ],
          [
            -75.5293302,
            5.0358688
          ],
          [
            -75.529455,
            5.0358836
          ],
          [
            -75.5295961,
            5.0358806
          ],
          [
            -75.5297976,
            5.035897
          ],
          [
            -75.5300289,
            5.0358893
          ],
          [
            -75.5302286,
            5.0358455
          ],
          [
            -75.5304782,
            5.0357295
          ],
          [
            -75.5306626,
            5.0356172
          ],
          [
            -75.5308794,
            5.0355619
          ],
          [
            -75.5311694,
            5.0355128
          ],
          [
            -75.5314584,
            5.0354192
          ],
          [
            -75.5316514,
            5.035227
          ],
          [
            -75.5317853,
            5.0350047
          ],
          [
            -75.5318979,
            5.0347448
          ],
          [
            -75.532014,
            5.0343984
          ],
          [
            -75.5319876,
            5.0341532
          ],
          [
            -75.5318532,
            5.0339236
          ],
          [
            -75.531838,
            5.0337121
          ],
          [
            -75.5319253,
            5.0334912
          ],
          [
            -75.5320798,
            5.0333131
          ],
          [
            -75.532306,
            5.0331747
          ],
          [
            -75.5325499,
            5.0330986
          ],
          [
            -75.5327925,
            5.0330227
          ],
          [
            -75.5329502,
            5.0328708
          ],
          [
            -75.5331973,
            5.0326947
          ],
          [
            -75.5334314,
            5.0326065
          ],
          [
            -75.5336195,
            5.0324258
          ],
          [
            -75.5336778,
            5.0321335
          ],
          [
            -75.5337598,
            5.0319129
          ],
          [
            -75.533862,
            5.0317579
          ],
          [
            -75.5340115,
            5.0316605
          ],
          [
            -75.5342041,
            5.0316025
          ],
          [
            -75.5344456,
            5.0315958
          ],
          [
            -75.5346679,
            5.0314961
          ],
          [
            -75.5348189,
            5.0313795
          ],
          [
            -75.5349389,
            5.0312022
          ],
          [
            -75.5350822,
            5.0309704
          ],
          [
            -75.5351511,
            5.0307976
          ],
          [
            -75.5351388,
            5.0305925
          ],
          [
            -75.5349711,
            5.0304571
          ],
          [
            -75.534718,
            5.0304267
          ],
          [
            -75.5345246,
            5.030363
          ],
          [
            -75.5342329,
            5.0301491
          ],
          [
            -75.5338328,
            5.0299367
          ],
          [
            -75.5335853,
            5.0298415
          ],
          [
            -75.5333669,
            5.0298488
          ],
          [
            -75.533076,
            5.0299454
          ],
          [
            -75.5328314,
            5.030063
          ],
          [
            -75.5326176,
            5.0300894
          ],
          [
            -75.532429,
            5.0300007
          ],
          [
            -75.5322865,
            5.0298465
          ],
          [
            -75.5322333,
            5.0296251
          ],
          [
            -75.5322292,
            5.0293987
          ],
          [
            -75.5322554,
            5.0291229
          ],
          [
            -75.5322636,
            5.0288591
          ],
          [
            -75.5321994,
            5.0285184
          ],
          [
            -75.5320965,
            5.0282619
          ],
          [
            -75.5320099,
            5.0280778
          ],
          [
            -75.5319632,
            5.0279134
          ],
          [
            -75.5320096,
            5.0277429
          ],
          [
            -75.5320977,
            5.0276071
          ],
          [
            -75.5322049,
            5.0274346
          ],
          [
            -75.5322538,
            5.0272849
          ],
          [
            -75.5322011,
            5.0271697
          ],
          [
            -75.532021,
            5.0270956
          ],
          [
            -75.5316464,
            5.0270212
          ],
          [
            -75.5313811,
            5.0268019
          ],
          [
            -75.5311617,
            5.0265375
          ],
          [
            -75.5309868,
            5.0262976
          ],
          [
            -75.5308431,
            5.0260894
          ],
          [
            -75.5307478,
            5.0259029
          ],
          [
            -75.5306795,
            5.0257366
          ],
          [
            -75.5305784,
            5.0256823
          ],
          [
            -75.5304711,
            5.0256863
          ],
          [
            -75.5302176,
            5.0257259
          ],
          [
            -75.530083,
            5.0257218
          ],
          [
            -75.5299863,
            5.0256687
          ],
          [
            -75.5299154,
            5.0255481
          ],
          [
            -75.5298232,
            5.0251628
          ],
          [
            -75.5297936,
            5.0246429
          ],
          [
            -75.5298216,
            5.0243538
          ],
          [
            -75.5298033,
            5.0241697
          ],
          [
            -75.5297122,
            5.0240384
          ],
          [
            -75.529581,
            5.0239365
          ],
          [
            -75.529302,
            5.0239096
          ],
          [
            -75.5287884,
            5.0239496
          ],
          [
            -75.5286803,
            5.0239293
          ],
          [
            -75.5285597,
            5.0238229
          ],
          [
            -75.5284871,
            5.0236906
          ],
          [
            -75.5284269,
            5.0235608
          ],
          [
            -75.5283879,
            5.0234401
          ],
          [
            -75.528383,
            5.0232642
          ],
          [
            -75.5284464,
            5.0231062
          ],
          [
            -75.5285685,
            5.022909
          ],
          [
            -75.5287139,
            5.0227619
          ],
          [
            -75.5288509,
            5.0226049
          ],
          [
            -75.5289856,
            5.0223989
          ],
          [
            -75.5294039,
            5.0220563
          ],
          [
            -75.5294507,
            5.0219475
          ],
          [
            -75.5294194,
            5.0218331
          ],
          [
            -75.5292887,
            5.0217524
          ],
          [
            -75.5291357,
            5.0214548
          ],
          [
            -75.5290924,
            5.0211531
          ],
          [
            -75.5290921,
            5.0209841
          ],
          [
            -75.5291907,
            5.0207402
          ],
          [
            -75.5292254,
            5.0205057
          ],
          [
            -75.5292572,
            5.0201734
          ],
          [
            -75.529258,
            5.0199536
          ],
          [
            -75.5293081,
            5.019797
          ],
          [
            -75.529389,
            5.0196299
          ],
          [
            -75.5295835,
            5.0193364
          ],
          [
            -75.5297164,
            5.0191233
          ],
          [
            -75.5298701,
            5.0188414
          ],
          [
            -75.5300343,
            5.0185113
          ],
          [
            -75.5302262,
            5.018194
          ],
          [
            -75.5303258,
            5.0181067
          ],
          [
            -75.5304493,
            5.0180479
          ],
          [
            -75.5306204,
            5.0180429
          ],
          [
            -75.5309525,
            5.0181447
          ],
          [
            -75.5311833,
            5.0182743
          ],
          [
            -75.531385,
            5.018322
          ],
          [
            -75.5315873,
            5.018322
          ],
          [
            -75.5317916,
            5.0182788
          ],
          [
            -75.5319896,
            5.0181626
          ],
          [
            -75.5321256,
            5.0179995
          ],
          [
            -75.5321558,
            5.0176353
          ],
          [
            -75.5322053,
            5.0174211
          ],
          [
            -75.5322742,
            5.0171596
          ],
          [
            -75.5322804,
            5.0169906
          ],
          [
            -75.5323359,
            5.0169014
          ],
          [
            -75.5324386,
            5.0168641
          ],
          [
            -75.5327546,
            5.0168723
          ],
          [
            -75.5330654,
            5.0168569
          ],
          [
            -75.5333258,
            5.0168082
          ],
          [
            -75.5336132,
            5.0167374
          ],
          [
            -75.5337481,
            5.0166432
          ],
          [
            -75.533821,
            5.0165126
          ],
          [
            -75.5339174,
            5.0162645
          ],
          [
            -75.5340069,
            5.016044
          ],
          [
            -75.5341181,
            5.0159372
          ],
          [
            -75.5342484,
            5.0159368
          ],
          [
            -75.5343409,
            5.0160133
          ],
          [
            -75.5345773,
            5.016252
          ],
          [
            -75.5349404,
            5.0163694
          ],
          [
            -75.535116,
            5.0163142
          ],
          [
            -75.5352058,
            5.0161768
          ],
          [
            -75.5352245,
            5.0160047
          ],
          [
            -75.5352186,
            5.0157501
          ],
          [
            -75.5352483,
            5.0155596
          ],
          [
            -75.5353296,
            5.0153822
          ],
          [
            -75.535462,
            5.0152473
          ],
          [
            -75.5356432,
            5.0152142
          ],
          [
            -75.5358669,
            5.0153029
          ],
          [
            -75.5360506,
            5.0155423
          ],
          [
            -75.5362467,
            5.0158488
          ],
          [
            -75.5364074,
            5.015963
          ],
          [
            -75.5366196,
            5.0160047
          ],
          [
            -75.5367842,
            5.0159569
          ],
          [
            -75.5369036,
            5.015871
          ],
          [
            -75.5370004,
            5.0157552
          ],
          [
            -75.5370991,
            5.0155999
          ],
          [
            -75.5372362,
            5.0154357
          ],
          [
            -75.5373952,
            5.0152258
          ],
          [
            -75.537436,
            5.0149892
          ],
          [
            -75.53739,
            5.0147303
          ],
          [
            -75.5373399,
            5.0144032
          ],
          [
            -75.5373106,
            5.0141476
          ],
          [
            -75.5373245,
            5.0139043
          ],
          [
            -75.5373914,
            5.0137055
          ],
          [
            -75.537529,
            5.0135368
          ],
          [
            -75.5376331,
            5.0133977
          ],
          [
            -75.5376736,
            5.0131859
          ],
          [
            -75.5376349,
            5.0128904
          ],
          [
            -75.5374902,
            5.0125453
          ],
          [
            -75.5374256,
            5.0122124
          ],
          [
            -75.5374855,
            5.0118617
          ],
          [
            -75.5374709,
            5.0115513
          ],
          [
            -75.5373599,
            5.0112573
          ],
          [
            -75.5370792,
            5.0110382
          ],
          [
            -75.5367517,
            5.0108924
          ],
          [
            -75.5364025,
            5.0108157
          ],
          [
            -75.536137,
            5.0107734
          ],
          [
            -75.5360019,
            5.0106659
          ],
          [
            -75.5359302,
            5.0104996
          ],
          [
            -75.5359129,
            5.0103235
          ],
          [
            -75.5359699,
            5.0101538
          ],
          [
            -75.5360685,
            5.0099962
          ],
          [
            -75.5361938,
            5.0098239
          ],
          [
            -75.5363981,
            5.0096103
          ],
          [
            -75.5366107,
            5.0094574
          ],
          [
            -75.5368311,
            5.0092909
          ],
          [
            -75.536988,
            5.0090929
          ],
          [
            -75.5370037,
            5.0088236
          ],
          [
            -75.5368715,
            5.0085591
          ],
          [
            -75.5363491,
            5.0081721
          ],
          [
            -75.5361183,
            5.0079902
          ],
          [
            -75.5360335,
            5.0077666
          ],
          [
            -75.5360832,
            5.0075418
          ],
          [
            -75.5362449,
            5.0074087
          ],
          [
            -75.5364735,
            5.0073444
          ],
          [
            -75.5367316,
            5.007357
          ]
        ]
      }
    },
    {
      "type": "Feature",
      "properties": {
        "osm_id": 486661049,
        "name": "Río Chinchiná"
      },
      "geometry": {
        "type": "LineString",
        "coordinates": [
          [
            -75.4347268,
            5.0241232
          ],
          [
            -75.4347567,
            5.0240395
          ],
          [
            -75.4349537,
            5.0238953
          ],
          [
            -75.4349731,
            5.0238877
          ],
          [
            -75.4351671,
            5.023812
          ],
          [
            -75.4352742,
            5.0237247
          ],
          [
            -75.4354321,
            5.0237705
          ],
          [
            -75.4355808,
            5.0238027
          ],
          [
            -75.4356819,
            5.0238159
          ],
          [
            -75.4359584,
            5.0237955
          ],
          [
            -75.4359822,
            5.0237529
          ],
          [
            -75.4359985,
            5.0236698
          ],
          [
            -75.4360131,
            5.0234868
          ],
          [
            -75.4360215,
            5.023322
          ],
          [
            -75.4360301,
            5.023121
          ],
          [
            -75.4360507,
            5.0229577
          ],
          [
            -75.436084,
            5.0228849
          ],
          [
            -75.4361532,
            5.0228265
          ],
          [
            -75.436203,
            5.0227534
          ],
          [
            -75.4362513,
            5.0226191
          ],
          [
            -75.4362866,
            5.0224125
          ],
          [
            -75.4362528,
            5.022223
          ],
          [
            -75.4361769,
            5.0219664
          ],
          [
            -75.4361628,
            5.0218857
          ],
          [
            -75.4361783,
            5.0217561
          ],
          [
            -75.4362153,
            5.0216617
          ],
          [
            -75.4362517,
            5.0215639
          ],
          [
            -75.4363107,
            5.0215047
          ],
          [
            -75.4364284,
            5.0214197
          ],
          [
            -75.4365346,
            5.0213434
          ],
          [
            -75.4366427,
            5.0212742
          ],
          [
            -75.4367444,
            5.0212096
          ],
          [
            -75.4368789,
            5.0211315
          ],
          [
            -75.4369686,
            5.0210792
          ],
          [
            -75.4370574,
            5.0209891
          ],
          [
            -75.4371111,
            5.0209307
          ],
          [
            -75.4371939,
            5.0208537
          ],
          [
            -75.4373872,
            5.0208206
          ],
          [
            -75.4375424,
            5.020853
          ],
          [
            -75.4377059,
            5.0209288
          ],
          [
            -75.4377783,
            5.0209608
          ],
          [
            -75.4378949,
            5.0209617
          ],
          [
            -75.4380196,
            5.0209397
          ],
          [
            -75.4380767,
            5.0209925
          ],
          [
            -75.438109,
            5.0210507
          ],
          [
            -75.4381426,
            5.0211189
          ],
          [
            -75.4381969,
            5.0212012
          ],
          [
            -75.4382308,
            5.0213191
          ],
          [
            -75.438243,
            5.0214942
          ],
          [
            -75.4382541,
            5.0216304
          ],
          [
            -75.4382698,
            5.021728
          ],
          [
            -75.4383657,
            5.0219573
          ],
          [
            -75.4384183,
            5.022123
          ],
          [
            -75.4385016,
            5.0222371
          ],
          [
            -75.4385936,
            5.0223098
          ],
          [
            -75.4387241,
            5.0223616
          ],
          [
            -75.4389196,
            5.0224204
          ],
          [
            -75.4390959,
            5.0224451
          ],
          [
            -75.4392076,
            5.022505
          ],
          [
            -75.4393411,
            5.0225578
          ],
          [
            -75.4394642,
            5.0226671
          ],
          [
            -75.4395466,
            5.0227601
          ],
          [
            -75.4397523,
            5.0229061
          ],
          [
            -75.4398811,
            5.0229753
          ],
          [
            -75.4400691,
            5.0230609
          ],
          [
            -75.4402492,
            5.0231589
          ],
          [
            -75.4403825,
            5.0232695
          ],
          [
            -75.4405049,
            5.023365
          ],
          [
            -75.4406443,
            5.0234416
          ],
          [
            -75.4407737,
            5.0234956
          ],
          [
            -75.4408899,
            5.0235001
          ],
          [
            -75.4410433,
            5.0235248
          ],
          [
            -75.4412216,
            5.0235821
          ],
          [
            -75.4413554,
            5.023627
          ],
          [
            -75.4414707,
            5.0236754
          ],
          [
            -75.4416251,
            5.0237467
          ],
          [
            -75.4417481,
            5.02381
          ],
          [
            -75.4418802,
            5.0238696
          ],
          [
            -75.4419713,
            5.0239076
          ],
          [
            -75.4420639,
            5.023924
          ],
          [
            -75.4421385,
            5.0239289
          ],
          [
            -75.4422081,
            5.0239292
          ],
          [
            -75.4422937,
            5.023908
          ],
          [
            -75.4423977,
            5.0238763
          ],
          [
            -75.4425062,
            5.0238599
          ],
          [
            -75.4426206,
            5.0238674
          ],
          [
            -75.4427859,
            5.0238804
          ],
          [
            -75.4428585,
            5.0238929
          ],
          [
            -75.4429333,
            5.0239089
          ],
          [
            -75.4430361,
            5.023941
          ],
          [
            -75.4431922,
            5.0240165
          ],
          [
            -75.4433189,
            5.0240994
          ],
          [
            -75.4435143,
            5.0242913
          ],
          [
            -75.4436746,
            5.0243693
          ],
          [
            -75.4438257,
            5.0244438
          ],
          [
            -75.4439648,
            5.0244652
          ],
          [
            -75.4441836,
            5.0244711
          ],
          [
            -75.4443713,
            5.024469
          ],
          [
            -75.4446174,
            5.0244882
          ],
          [
            -75.4448395,
            5.0245368
          ],
          [
            -75.4450465,
            5.0245769
          ],
          [
            -75.4452603,
            5.0245558
          ],
          [
            -75.445437,
            5.0244679
          ],
          [
            -75.4455441,
            5.0243775
          ],
          [
            -75.4456684,
            5.0242637
          ],
          [
            -75.445769,
            5.0241918
          ],
          [
            -75.4458762,
            5.0241431
          ],
          [
            -75.4460232,
            5.024102
          ],
          [
            -75.4461337,
            5.024108
          ],
          [
            -75.4461992,
            5.0241593
          ],
          [
            -75.446275,
            5.0241664
          ],
          [
            -75.4464096,
            5.0241571
          ],
          [
            -75.4466019,
            5.0241402
          ],
          [
            -75.4468202,
            5.0241046
          ],
          [
            -75.4469382,
            5.0241831
          ],
          [
            -75.4472201,
            5.024429
          ],
          [
            -75.4473833,
            5.0245051
          ],
          [
            -75.447465,
            5.0245864
          ],
          [
            -75.4475681,
            5.0247065
          ],
          [
            -75.4476241,
            5.0247963
          ],
          [
            -75.4476641,
            5.0248761
          ],
          [
            -75.4476932,
            5.0249291
          ],
          [
            -75.4477341,
            5.0249878
          ],
          [
            -75.4477992,
            5.0250587
          ],
          [
            -75.4478819,
            5.0251542
          ],
          [
            -75.4480177,
            5.0252489
          ],
          [
            -75.4481928,
            5.0253586
          ],
          [
            -75.4483878,
            5.0255013
          ],
          [
            -75.4485886,
            5.025567
          ],
          [
            -75.4487935,
            5.0256674
          ],
          [
            -75.4489224,
            5.0257382
          ],
          [
            -75.449093,
            5.0258021
          ],
          [
            -75.4492421,
            5.0257975
          ],
          [
            -75.4493904,
            5.0257509
          ],
          [
            -75.4495341,
            5.0256893
          ],
          [
            -75.4496412,
            5.0256041
          ],
          [
            -75.4497342,
            5.0254773
          ],
          [
            -75.4497969,
            5.0253667
          ],
          [
            -75.4498554,
            5.0252801
          ],
          [
            -75.449947,
            5.0251758
          ],
          [
            -75.4500966,
            5.0250674
          ],
          [
            -75.4502844,
            5.0250044
          ],
          [
            -75.4504455,
            5.0249953
          ],
          [
            -75.4507299,
            5.0250595
          ],
          [
            -75.4509566,
            5.0251659
          ],
          [
            -75.4510182,
            5.0252224
          ],
          [
            -75.4511295,
            5.0253978
          ],
          [
            -75.4512364,
            5.0255512
          ],
          [
            -75.4513735,
            5.0257117
          ],
          [
            -75.451487,
            5.0258323
          ],
          [
            -75.4515715,
            5.0259055
          ],
          [
            -75.451698,
            5.0259616
          ],
          [
            -75.4518278,
            5.0259628
          ],
          [
            -75.4519676,
            5.0259246
          ],
          [
            -75.4521531,
            5.0258593
          ],
          [
            -75.4522992,
            5.0258201
          ],
          [
            -75.4524884,
            5.0257788
          ],
          [
            -75.4526216,
            5.025758
          ],
          [
            -75.452762,
            5.0257619
          ],
          [
            -75.4529159,
            5.025786
          ],
          [
            -75.4530467,
            5.0258183
          ],
          [
            -75.4531636,
            5.0257977
          ],
          [
            -75.4532511,
            5.0257421
          ],
          [
            -75.453371,
            5.0256816
          ],
          [
            -75.4534839,
            5.0256533
          ],
          [
            -75.4535991,
            5.0256691
          ],
          [
            -75.4537594,
            5.0257476
          ],
          [
            -75.4539366,
            5.0258447
          ],
          [
            -75.4540875,
            5.0259092
          ],
          [
            -75.4542157,
            5.0259869
          ],
          [
            -75.4543607,
            5.026049
          ],
          [
            -75.4544835,
            5.0260837
          ],
          [
            -75.4545737,
            5.0260994
          ],
          [
            -75.4546566,
            5.0260938
          ],
          [
            -75.4547567,
            5.0260739
          ],
          [
            -75.4549446,
            5.0260681
          ],
          [
            -75.4551215,
            5.0261104
          ],
          [
            -75.4552783,
            5.0261952
          ],
          [
            -75.455385,
            5.0262613
          ],
          [
            -75.4555049,
            5.0263503
          ],
          [
            -75.4556087,
            5.0264226
          ],
          [
            -75.4556989,
            5.0264835
          ],
          [
            -75.4558385,
            5.0265726
          ],
          [
            -75.4559817,
            5.0265864
          ],
          [
            -75.4560888,
            5.0265483
          ],
          [
            -75.4561881,
            5.0264842
          ],
          [
            -75.4563072,
            5.0264166
          ],
          [
            -75.4565044,
            5.0263084
          ],
          [
            -75.4566044,
            5.0262746
          ],
          [
            -75.4567552,
            5.0262573
          ],
          [
            -75.4569914,
            5.0262695
          ],
          [
            -75.4571453,
            5.0263202
          ],
          [
            -75.4572866,
            5.0263621
          ],
          [
            -75.4574631,
            5.0264117
          ],
          [
            -75.4577053,
            5.0263936
          ],
          [
            -75.4578912,
            5.0264002
          ],
          [
            -75.4580627,
            5.0265074
          ],
          [
            -75.4582106,
            5.0265443
          ],
          [
            -75.4583933,
            5.0265836
          ],
          [
            -75.4585053,
            5.0266132
          ],
          [
            -75.4587218,
            5.0265662
          ],
          [
            -75.4588512,
            5.026573
          ],
          [
            -75.4589273,
            5.0265851
          ],
          [
            -75.4591002,
            5.0266015
          ],
          [
            -75.459246,
            5.0266267
          ],
          [
            -75.4593783,
            5.0266662
          ],
          [
            -75.4595842,
            5.0266346
          ],
          [
            -75.4597188,
            5.026622
          ],
          [
            -75.4599639,
            5.0265786
          ],
          [
            -75.4601309,
            5.026572
          ],
          [
            -75.4602799,
            5.0266115
          ],
          [
            -75.4605629,
            5.0266839
          ],
          [
            -75.4608649,
            5.0266847
          ],
          [
            -75.4611076,
            5.0266237
          ],
          [
            -75.4612806,
            5.026506
          ],
          [
            -75.4614458,
            5.0264119
          ],
          [
            -75.461587,
            5.0263527
          ],
          [
            -75.461724,
            5.0263686
          ],
          [
            -75.4619756,
            5.0264141
          ],
          [
            -75.4624468,
            5.0264652
          ],
          [
            -75.4626643,
            5.0264968
          ],
          [
            -75.4629009,
            5.0265005
          ],
          [
            -75.4630754,
            5.0265157
          ],
          [
            -75.4632668,
            5.0265524
          ],
          [
            -75.4634068,
            5.0266467
          ],
          [
            -75.4635584,
            5.0267669
          ],
          [
            -75.4636398,
            5.026836
          ],
          [
            -75.4638804,
            5.0270312
          ],
          [
            -75.4641014,
            5.0270277
          ],
          [
            -75.464248,
            5.0270896
          ],
          [
            -75.4645423,
            5.0272444
          ],
          [
            -75.4646611,
            5.0272562
          ],
          [
            -75.4648399,
            5.027121
          ],
          [
            -75.4649045,
            5.0270756
          ],
          [
            -75.4651213,
            5.0270742
          ],
          [
            -75.4653284,
            5.0270839
          ],
          [
            -75.4655437,
            5.0271883
          ],
          [
            -75.4656929,
            5.0272264
          ],
          [
            -75.4658174,
            5.0271982
          ],
          [
            -75.4659808,
            5.027098
          ],
          [
            -75.4661204,
            5.0270129
          ],
          [
            -75.4663053,
            5.0269523
          ],
          [
            -75.4664628,
            5.0269497
          ],
          [
            -75.4666208,
            5.0269675
          ],
          [
            -75.4667841,
            5.0270262
          ],
          [
            -75.4669117,
            5.0270741
          ],
          [
            -75.4670175,
            5.0271
          ],
          [
            -75.4670931,
            5.0271149
          ],
          [
            -75.467188,
            5.0271098
          ],
          [
            -75.4672675,
            5.0270597
          ],
          [
            -75.4673675,
            5.0269928
          ],
          [
            -75.4675807,
            5.0268487
          ],
          [
            -75.467851,
            5.0268216
          ],
          [
            -75.468039,
            5.0268662
          ],
          [
            -75.4682812,
            5.0269227
          ],
          [
            -75.4684303,
            5.0269597
          ],
          [
            -75.468551,
            5.0269734
          ],
          [
            -75.4686601,
            5.0269578
          ],
          [
            -75.4687529,
            5.0269294
          ],
          [
            -75.4688503,
            5.0268908
          ],
          [
            -75.4689611,
            5.0268424
          ],
          [
            -75.4690685,
            5.0267988
          ],
          [
            -75.4692124,
            5.0267412
          ],
          [
            -75.469374,
            5.0266782
          ],
          [
            -75.4695763,
            5.026606
          ],
          [
            -75.4697812,
            5.0265557
          ],
          [
            -75.4699458,
            5.0265444
          ],
          [
            -75.4700802,
            5.0265365
          ],
          [
            -75.4702507,
            5.0265294
          ],
          [
            -75.4704064,
            5.0265177
          ],
          [
            -75.4705779,
            5.0265309
          ],
          [
            -75.4707923,
            5.0265706
          ],
          [
            -75.4710013,
            5.0266782
          ],
          [
            -75.4712254,
            5.0268472
          ],
          [
            -75.471406,
            5.0271801
          ],
          [
            -75.471568,
            5.0272708
          ],
          [
            -75.4717172,
            5.0272633
          ],
          [
            -75.4718566,
            5.0271878
          ],
          [
            -75.4719777,
            5.0271459
          ],
          [
            -75.472134,
            5.0271625
          ],
          [
            -75.4723405,
            5.0271124
          ],
          [
            -75.4725645,
            5.0272017
          ],
          [
            -75.4727092,
            5.0272155
          ],
          [
            -75.4728632,
            5.0271752
          ],
          [
            -75.4730252,
            5.0271151
          ],
          [
            -75.4731991,
            5.0270326
          ],
          [
            -75.4734135,
            5.0269759
          ],
          [
            -75.4736623,
            5.0269751
          ],
          [
            -75.4738654,
            5.0270015
          ],
          [
            -75.473993,
            5.0270719
          ],
          [
            -75.4743882,
            5.0272469
          ],
          [
            -75.4746388,
            5.0273275
          ],
          [
            -75.4748512,
            5.027344
          ],
          [
            -75.475068,
            5.0273645
          ],
          [
            -75.4752518,
            5.0274072
          ],
          [
            -75.4754186,
            5.027492
          ],
          [
            -75.4756336,
            5.0276637
          ],
          [
            -75.4757792,
            5.0278093
          ],
          [
            -75.4758602,
            5.0279457
          ],
          [
            -75.475951,
            5.0280994
          ],
          [
            -75.4760143,
            5.0282218
          ],
          [
            -75.4760746,
            5.0283449
          ],
          [
            -75.4761342,
            5.0284607
          ],
          [
            -75.4761741,
            5.0285251
          ],
          [
            -75.4762036,
            5.0286064
          ],
          [
            -75.4762257,
            5.0286944
          ],
          [
            -75.4762577,
            5.0287998
          ],
          [
            -75.4762951,
            5.0289394
          ],
          [
            -75.4763597,
            5.0291021
          ],
          [
            -75.4764557,
            5.0292989
          ],
          [
            -75.47653,
            5.0294929
          ],
          [
            -75.4766391,
            5.0296272
          ],
          [
            -75.4767463,
            5.0297527
          ],
          [
            -75.4768437,
            5.0298617
          ],
          [
            -75.4769514,
            5.0299647
          ],
          [
            -75.47708,
            5.0300627
          ],
          [
            -75.4772056,
            5.0301251
          ],
          [
            -75.4773419,
            5.0301333
          ],
          [
            -75.4774714,
            5.0301071
          ],
          [
            -75.4776432,
            5.0300447
          ],
          [
            -75.4777834,
            5.0300149
          ],
          [
            -75.4778988,
            5.03001
          ],
          [
            -75.4779787,
            5.0300082
          ],
          [
            -75.4780437,
            5.0300177
          ]
        ]
      }
    },
    {
      "type": "Feature",
      "properties": {
        "osm_id": 953166719,
        "name": "Río Chinchiná"
      },
      "geometry": {
        "type": "LineString",
        "coordinates": [
          [
            -75.3302832,
            5.0425113
          ],
          [
            -75.3329604,
            5.0410581
          ],
          [
            -75.3330748,
            5.0409275
          ],
          [
            -75.3334037,
            5.0401753
          ],
          [
            -75.3334492,
            5.0401005
          ],
          [
            -75.3341425,
            5.0392209
          ],
          [
            -75.3341815,
            5.0391063
          ],
          [
            -75.3341708,
            5.0389864
          ],
          [
            -75.3340311,
            5.0385138
          ],
          [
            -75.3340311,
            5.0384505
          ],
          [
            -75.334078,
            5.0381353
          ],
          [
            -75.3340648,
            5.038067
          ],
          [
            -75.3336678,
            5.0373549
          ],
          [
            -75.3336279,
            5.0373188
          ],
          [
            -75.3328992,
            5.0370511
          ],
          [
            -75.3328276,
            5.0369959
          ],
          [
            -75.3318566,
            5.0355761
          ],
          [
            -75.3318154,
            5.0354612
          ],
          [
            -75.3318139,
            5.0353542
          ],
          [
            -75.3319408,
            5.0350675
          ],
          [
            -75.3319486,
            5.0349954
          ],
          [
            -75.3319391,
            5.0349147
          ],
          [
            -75.3315426,
            5.0336854
          ],
          [
            -75.3314854,
            5.0335807
          ],
          [
            -75.331408,
            5.0334966
          ],
          [
            -75.3310331,
            5.0331793
          ],
          [
            -75.3308934,
            5.0330017
          ],
          [
            -75.3308116,
            5.0327862
          ],
          [
            -75.3307948,
            5.0325765
          ],
          [
            -75.3308188,
            5.0323536
          ],
          [
            -75.3308746,
            5.0321678
          ],
          [
            -75.3315048,
            5.0304469
          ],
          [
            -75.3315204,
            5.0303667
          ],
          [
            -75.3315599,
            5.0296514
          ],
          [
            -75.3315908,
            5.0295708
          ],
          [
            -75.3317429,
            5.0293596
          ],
          [
            -75.3317604,
            5.0292737
          ],
          [
            -75.3316489,
            5.0285498
          ],
          [
            -75.3316492,
            5.0284884
          ],
          [
            -75.3317369,
            5.028117
          ],
          [
            -75.3317316,
            5.0280672
          ],
          [
            -75.3315781,
            5.0277005
          ],
          [
            -75.3315762,
            5.027652
          ],
          [
            -75.3316581,
            5.0272228
          ],
          [
            -75.3316571,
            5.027169
          ],
          [
            -75.3315121,
            5.0263596
          ],
          [
            -75.3315186,
            5.0263045
          ],
          [
            -75.3315383,
            5.0262538
          ],
          [
            -75.3316943,
            5.0260004
          ],
          [
            -75.3316976,
            5.0259685
          ],
          [
            -75.3316606,
            5.025732
          ],
          [
            -75.3316621,
            5.0256891
          ],
          [
            -75.3318643,
            5.0246031
          ],
          [
            -75.3318638,
            5.0244972
          ],
          [
            -75.331838,
            5.0243949
          ],
          [
            -75.3310168,
            5.0221931
          ],
          [
            -75.3310082,
            5.0221136
          ],
          [
            -75.3311145,
            5.0213273
          ],
          [
            -75.3311088,
            5.0212248
          ],
          [
            -75.3310631,
            5.0211387
          ],
          [
            -75.3307258,
            5.0204587
          ],
          [
            -75.3306885,
            5.0203104
          ],
          [
            -75.3306709,
            5.0201711
          ],
          [
            -75.3307803,
            5.0189889
          ],
          [
            -75.3308158,
            5.0188657
          ],
          [
            -75.3308908,
            5.0187494
          ],
          [
            -75.3316008,
            5.0178538
          ],
          [
            -75.3316905,
            5.0177136
          ],
          [
            -75.3321936,
            5.0166646
          ],
          [
            -75.3322102,
            5.0166463
          ],
          [
            -75.332234,
            5.0166394
          ],
          [
            -75.3322869,
            5.0166439
          ],
          [
            -75.3323158,
            5.0166375
          ],
          [
            -75.3323384,
            5.0166214
          ]
        ]
      }
    },
    {
      "type": "Feature",
      "properties": {
        "osm_id": 953166720,
        "name": "Río Chinchiná"
      },
      "geometry": {
        "type": "LineString",
        "coordinates": [
          [
            -75.3323384,
            5.0166214
          ],
          [
            -75.332437,
            5.0164884
          ]
        ]
      }
    },
    {
      "type": "Feature",
      "properties": {
        "osm_id": 958005649,
        "name": "Río Chinchiná"
      },
      "geometry": {
        "type": "LineString",
        "coordinates": [
          [
            -75.5102091,
            5.0503368
          ],
          [
            -75.5105541,
            5.0505936
          ],
          [
            -75.5109406,
            5.0508504
          ],
          [
            -75.5112003,
            5.0509863
          ],
          [
            -75.5114395,
            5.0510794
          ],
          [
            -75.5116739,
            5.0511438
          ],
          [
            -75.5118871,
            5.0511932
          ],
          [
            -75.5120818,
            5.0512184
          ],
          [
            -75.5122769,
            5.0512443
          ],
          [
            -75.5124781,
            5.0512519
          ],
          [
            -75.5127137,
            5.0512853
          ],
          [
            -75.5130156,
            5.0513736
          ],
          [
            -75.5132199,
            5.0514577
          ],
          [
            -75.5133833,
            5.0515276
          ],
          [
            -75.513584,
            5.0516134
          ],
          [
            -75.513794,
            5.0516992
          ],
          [
            -75.5140272,
            5.0518015
          ],
          [
            -75.5141677,
            5.0518981
          ],
          [
            -75.5142982,
            5.0519787
          ],
          [
            -75.5144681,
            5.0520668
          ],
          [
            -75.5147474,
            5.0521663
          ],
          [
            -75.5149588,
            5.0521795
          ],
          [
            -75.5151111,
            5.0521858
          ],
          [
            -75.5152318,
            5.0521606
          ],
          [
            -75.5153853,
            5.0520904
          ],
          [
            -75.5155032,
            5.0520366
          ],
          [
            -75.5156279,
            5.0519856
          ],
          [
            -75.5157542,
            5.0519548
          ],
          [
            -75.5158632,
            5.051938
          ],
          [
            -75.5160073,
            5.0519208
          ],
          [
            -75.5161578,
            5.0518961
          ],
          [
            -75.5163256,
            5.0518465
          ],
          [
            -75.5164402,
            5.0517851
          ],
          [
            -75.5165436,
            5.0516919
          ],
          [
            -75.5166235,
            5.0516038
          ],
          [
            -75.5166883,
            5.0515026
          ],
          [
            -75.5167393,
            5.0513976
          ],
          [
            -75.5167744,
            5.0513106
          ],
          [
            -75.5168045,
            5.0512157
          ],
          [
            -75.5168174,
            5.0511581
          ],
          [
            -75.5168399,
            5.0510846
          ],
          [
            -75.5168582,
            5.0510172
          ],
          [
            -75.5168715,
            5.0509524
          ],
          [
            -75.5168894,
            5.0508708
          ],
          [
            -75.5169245,
            5.0507578
          ],
          [
            -75.5169496,
            5.050673
          ],
          [
            -75.5169817,
            5.0505895
          ],
          [
            -75.5170381,
            5.0505108
          ],
          [
            -75.5171088,
            5.0504462
          ],
          [
            -75.5171831,
            5.0504052
          ],
          [
            -75.5172439,
            5.0503781
          ],
          [
            -75.5172998,
            5.0503517
          ],
          [
            -75.5173647,
            5.0503272
          ],
          [
            -75.5174258,
            5.050305
          ],
          [
            -75.5174996,
            5.0502818
          ],
          [
            -75.5175818,
            5.0502475
          ],
          [
            -75.51767,
            5.0502342
          ],
          [
            -75.5178095,
            5.0502295
          ],
          [
            -75.5179191,
            5.050231
          ],
          [
            -75.5180085,
            5.0502383
          ],
          [
            -75.518105,
            5.0502484
          ],
          [
            -75.5182416,
            5.0502725
          ],
          [
            -75.5184729,
            5.0503258
          ],
          [
            -75.5186807,
            5.0503894
          ],
          [
            -75.5189366,
            5.0504575
          ],
          [
            -75.5192038,
            5.0505117
          ],
          [
            -75.5193138,
            5.0505182
          ],
          [
            -75.5194131,
            5.0505008
          ],
          [
            -75.519485,
            5.0504265
          ],
          [
            -75.5196019,
            5.0501862
          ],
          [
            -75.5196667,
            5.0500737
          ],
          [
            -75.5197504,
            5.0499323
          ],
          [
            -75.5198514,
            5.0497986
          ],
          [
            -75.5199997,
            5.0496863
          ],
          [
            -75.5201861,
            5.0496794
          ],
          [
            -75.5203114,
            5.0496168
          ],
          [
            -75.5203981,
            5.0495298
          ],
          [
            -75.5206292,
            5.0492835
          ],
          [
            -75.5207732,
            5.0491313
          ],
          [
            -75.5209138,
            5.0490214
          ],
          [
            -75.5210928,
            5.0489543
          ],
          [
            -75.5213749,
            5.0489555
          ],
          [
            -75.5215221,
            5.0489046
          ],
          [
            -75.5217009,
            5.048829
          ],
          [
            -75.5218399,
            5.0487691
          ],
          [
            -75.5220038,
            5.0486949
          ],
          [
            -75.5222067,
            5.0485862
          ],
          [
            -75.5223462,
            5.0484503
          ],
          [
            -75.5224478,
            5.0482094
          ],
          [
            -75.5224545,
            5.0479562
          ],
          [
            -75.5224504,
            5.0476572
          ],
          [
            -75.5224685,
            5.0474713
          ],
          [
            -75.5225018,
            5.0472219
          ],
          [
            -75.5225297,
            5.047037
          ],
          [
            -75.5225914,
            5.0469069
          ],
          [
            -75.522701,
            5.0467793
          ],
          [
            -75.5230409,
            5.0466819
          ],
          [
            -75.5232189,
            5.0467006
          ],
          [
            -75.5234486,
            5.0467553
          ],
          [
            -75.5236781,
            5.0468601
          ],
          [
            -75.5238322,
            5.0469437
          ],
          [
            -75.5239306,
            5.0469844
          ],
          [
            -75.5240703,
            5.047027
          ],
          [
            -75.5241603,
            5.0470399
          ],
          [
            -75.5242955,
            5.0470058
          ],
          [
            -75.5243599,
            5.0469139
          ],
          [
            -75.5243703,
            5.0467558
          ],
          [
            -75.5243618,
            5.0463991
          ],
          [
            -75.5244356,
            5.0462624
          ],
          [
            -75.5245468,
            5.0461886
          ],
          [
            -75.5247882,
            5.0461042
          ],
          [
            -75.5249872,
            5.0460193
          ],
          [
            -75.5251214,
            5.0459379
          ],
          [
            -75.5252875,
            5.0458036
          ],
          [
            -75.5253933,
            5.0456974
          ],
          [
            -75.5254711,
            5.0456431
          ],
          [
            -75.5255949,
            5.0455311
          ],
          [
            -75.5256562,
            5.0453909
          ],
          [
            -75.5256344,
            5.0447493
          ],
          [
            -75.5256499,
            5.0444219
          ],
          [
            -75.525651,
            5.0440716
          ],
          [
            -75.5257186,
            5.0437697
          ],
          [
            -75.5257744,
            5.0433794
          ],
          [
            -75.5258392,
            5.0430774
          ],
          [
            -75.5258695,
            5.0429017
          ],
          [
            -75.5259038,
            5.0425817
          ],
          [
            -75.5258375,
            5.0424106
          ],
          [
            -75.5256719,
            5.0421401
          ],
          [
            -75.525416,
            5.0420696
          ],
          [
            -75.5252042,
            5.0419531
          ],
          [
            -75.5250755,
            5.0418027
          ],
          [
            -75.5250091,
            5.0416942
          ],
          [
            -75.5249414,
            5.0415654
          ],
          [
            -75.5248917,
            5.0411128
          ],
          [
            -75.5249125,
            5.0408908
          ],
          [
            -75.5249333,
            5.0406749
          ],
          [
            -75.5250258,
            5.0403579
          ],
          [
            -75.5251636,
            5.0400718
          ],
          [
            -75.5253733,
            5.0398411
          ],
          [
            -75.5254793,
            5.0396988
          ]
        ]
      }
    },
    {
      "type": "Feature",
      "properties": {
        "osm_id": 967960673,
        "name": "Río Chinchiná"
      },
      "geometry": {
        "type": "LineString",
        "coordinates": [
          [
            -75.4250804,
            5.0220752
          ],
          [
            -75.4252873,
            5.0220782
          ],
          [
            -75.4254641,
            5.0220572
          ],
          [
            -75.4256071,
            5.0219832
          ],
          [
            -75.4257201,
            5.021908
          ],
          [
            -75.4257707,
            5.02181
          ],
          [
            -75.4258621,
            5.0217629
          ],
          [
            -75.42596,
            5.021738
          ],
          [
            -75.4260119,
            5.0217463
          ],
          [
            -75.4260913,
            5.021765
          ],
          [
            -75.4262397,
            5.0218238
          ],
          [
            -75.4263876,
            5.0219138
          ],
          [
            -75.4265055,
            5.0219849
          ],
          [
            -75.4266491,
            5.0220531
          ],
          [
            -75.426846,
            5.0221946
          ],
          [
            -75.4269512,
            5.0223024
          ],
          [
            -75.4270396,
            5.0223678
          ],
          [
            -75.4271382,
            5.0224062
          ],
          [
            -75.4272528,
            5.0224528
          ],
          [
            -75.4273071,
            5.0226073
          ],
          [
            -75.4275055,
            5.0226256
          ],
          [
            -75.4275966,
            5.0227029
          ],
          [
            -75.4276491,
            5.0227917
          ],
          [
            -75.427728,
            5.022882
          ],
          [
            -75.4279301,
            5.0229918
          ],
          [
            -75.428098,
            5.0230707
          ],
          [
            -75.4282608,
            5.0232097
          ],
          [
            -75.4284856,
            5.023314
          ],
          [
            -75.4287485,
            5.0234226
          ],
          [
            -75.4290954,
            5.0235123
          ],
          [
            -75.4292682,
            5.0235679
          ],
          [
            -75.4294565,
            5.0236579
          ],
          [
            -75.4296564,
            5.0237002
          ],
          [
            -75.4298037,
            5.0238044
          ],
          [
            -75.4299926,
            5.0238699
          ],
          [
            -75.4301562,
            5.0239367
          ],
          [
            -75.4303503,
            5.0240028
          ],
          [
            -75.430526,
            5.0240093
          ],
          [
            -75.4307626,
            5.0239857
          ],
          [
            -75.4309915,
            5.0240041
          ],
          [
            -75.431253,
            5.0240502
          ],
          [
            -75.4315218,
            5.024091
          ],
          [
            -75.4316878,
            5.0240902
          ],
          [
            -75.4318424,
            5.0241044
          ],
          [
            -75.4319163,
            5.0241331
          ],
          [
            -75.4320202,
            5.0241553
          ],
          [
            -75.4321509,
            5.0242044
          ],
          [
            -75.4323151,
            5.0242608
          ],
          [
            -75.4324968,
            5.0243386
          ],
          [
            -75.4326748,
            5.024444
          ],
          [
            -75.4328358,
            5.0245633
          ],
          [
            -75.4330373,
            5.0246447
          ],
          [
            -75.4334618,
            5.0247794
          ],
          [
            -75.4339087,
            5.024744
          ],
          [
            -75.4341328,
            5.0246965
          ],
          [
            -75.4341926,
            5.0246334
          ],
          [
            -75.4343429,
            5.0245195
          ],
          [
            -75.4345465,
            5.0243896
          ],
          [
            -75.4346162,
            5.0242693
          ],
          [
            -75.4347268,
            5.0241232
          ]
        ]
      }
    },
    {
      "type": "Feature",
      "properties": {
        "osm_id": 994092634,
        "name": "Río Chinchiná"
      },
      "geometry": {
        "type": "LineString",
        "coordinates": [
          [
            -75.4780437,
            5.0300177
          ],
          [
            -75.4781504,
            5.0300782
          ],
          [
            -75.4782448,
            5.0301744
          ],
          [
            -75.4784335,
            5.0304083
          ],
          [
            -75.4785149,
            5.0305796
          ],
          [
            -75.4785703,
            5.0307706
          ],
          [
            -75.4785824,
            5.0309047
          ],
          [
            -75.4785595,
            5.0310569
          ],
          [
            -75.4785307,
            5.0311524
          ],
          [
            -75.4784684,
            5.0313997
          ],
          [
            -75.4784374,
            5.0314744
          ],
          [
            -75.4783965,
            5.0315667
          ],
          [
            -75.4783727,
            5.0316656
          ],
          [
            -75.4783673,
            5.0317645
          ],
          [
            -75.4784087,
            5.0318275
          ],
          [
            -75.4784796,
            5.0318989
          ],
          [
            -75.4785575,
            5.0319247
          ],
          [
            -75.4786956,
            5.0319291
          ],
          [
            -75.4788224,
            5.0318254
          ],
          [
            -75.4788971,
            5.0317514
          ],
          [
            -75.4790057,
            5.0317001
          ],
          [
            -75.4792146,
            5.0316962
          ],
          [
            -75.4794322,
            5.0317548
          ],
          [
            -75.479564,
            5.0318037
          ],
          [
            -75.4796718,
            5.0318875
          ],
          [
            -75.4797511,
            5.0319945
          ],
          [
            -75.4798063,
            5.0321182
          ],
          [
            -75.479869,
            5.0322627
          ],
          [
            -75.4799315,
            5.03241
          ],
          [
            -75.4799897,
            5.0325499
          ],
          [
            -75.4800176,
            5.0327335
          ],
          [
            -75.4800962,
            5.0328769
          ],
          [
            -75.4802151,
            5.0329904
          ],
          [
            -75.4803139,
            5.0331565
          ],
          [
            -75.4804371,
            5.0333656
          ],
          [
            -75.4804928,
            5.033506
          ],
          [
            -75.4805677,
            5.0336649
          ],
          [
            -75.4806646,
            5.0338762
          ],
          [
            -75.4807123,
            5.0340224
          ],
          [
            -75.4807771,
            5.0341921
          ],
          [
            -75.4807862,
            5.0343181
          ],
          [
            -75.4808314,
            5.0344913
          ],
          [
            -75.4808924,
            5.0346322
          ],
          [
            -75.48098,
            5.0347848
          ],
          [
            -75.4810243,
            5.0348435
          ],
          [
            -75.4810842,
            5.0348816
          ],
          [
            -75.4811836,
            5.0348924
          ],
          [
            -75.4813535,
            5.0348936
          ],
          [
            -75.4815123,
            5.0348969
          ],
          [
            -75.4816921,
            5.0349354
          ],
          [
            -75.4818677,
            5.0350366
          ],
          [
            -75.4820204,
            5.0351927
          ],
          [
            -75.4821192,
            5.0353802
          ],
          [
            -75.482167,
            5.0355511
          ],
          [
            -75.4822338,
            5.0358338
          ],
          [
            -75.4823524,
            5.0360368
          ],
          [
            -75.4825582,
            5.0363312
          ],
          [
            -75.4826456,
            5.0364913
          ],
          [
            -75.4827622,
            5.0367038
          ],
          [
            -75.4828099,
            5.036871
          ],
          [
            -75.4828187,
            5.0370789
          ],
          [
            -75.4828412,
            5.0372257
          ],
          [
            -75.4828865,
            5.0373877
          ],
          [
            -75.4829099,
            5.0375195
          ],
          [
            -75.4830117,
            5.0377398
          ],
          [
            -75.4830832,
            5.0379123
          ],
          [
            -75.4831515,
            5.0380893
          ],
          [
            -75.483234,
            5.0382555
          ],
          [
            -75.483296,
            5.038384
          ],
          [
            -75.4833665,
            5.0385216
          ],
          [
            -75.4834325,
            5.0386294
          ],
          [
            -75.4835376,
            5.0387638
          ],
          [
            -75.4836484,
            5.0389086
          ],
          [
            -75.4837669,
            5.0390657
          ],
          [
            -75.4839162,
            5.039225
          ],
          [
            -75.484137,
            5.0394185
          ],
          [
            -75.4842937,
            5.0395693
          ],
          [
            -75.4844781,
            5.0397153
          ],
          [
            -75.4846067,
            5.0398351
          ],
          [
            -75.4847546,
            5.0399572
          ],
          [
            -75.4849426,
            5.0400808
          ],
          [
            -75.4850772,
            5.0401787
          ],
          [
            -75.4852137,
            5.0402605
          ],
          [
            -75.4853295,
            5.0403361
          ],
          [
            -75.4854915,
            5.0404229
          ],
          [
            -75.4856825,
            5.0404798
          ],
          [
            -75.4858734,
            5.0405427
          ],
          [
            -75.4860603,
            5.0405934
          ],
          [
            -75.4862201,
            5.0406199
          ],
          [
            -75.4863919,
            5.0406245
          ],
          [
            -75.4865542,
            5.0406694
          ],
          [
            -75.4867739,
            5.0407473
          ],
          [
            -75.4869903,
            5.0408353
          ],
          [
            -75.4871139,
            5.0409498
          ],
          [
            -75.4872547,
            5.0410789
          ],
          [
            -75.4874834,
            5.0412002
          ],
          [
            -75.4876203,
            5.0412485
          ],
          [
            -75.4877657,
            5.0412421
          ],
          [
            -75.4879011,
            5.0412481
          ],
          [
            -75.4880222,
            5.0412757
          ],
          [
            -75.4881991,
            5.0413796
          ],
          [
            -75.4883912,
            5.0415009
          ],
          [
            -75.4886705,
            5.0416911
          ],
          [
            -75.4889048,
            5.0418477
          ],
          [
            -75.4891558,
            5.0420229
          ],
          [
            -75.4893697,
            5.0421425
          ],
          [
            -75.4896112,
            5.0422388
          ],
          [
            -75.4898542,
            5.0423078
          ],
          [
            -75.490055,
            5.0423232
          ],
          [
            -75.4901867,
            5.0422908
          ],
          [
            -75.4903302,
            5.0422134
          ],
          [
            -75.4904387,
            5.0421473
          ],
          [
            -75.4905431,
            5.0420599
          ],
          [
            -75.4906789,
            5.0419501
          ],
          [
            -75.4908188,
            5.041842
          ],
          [
            -75.4909521,
            5.0417385
          ],
          [
            -75.4911237,
            5.0416328
          ],
          [
            -75.4912748,
            5.041567
          ],
          [
            -75.4913741,
            5.0415483
          ],
          [
            -75.4915402,
            5.0415284
          ],
          [
            -75.4917476,
            5.0415105
          ],
          [
            -75.4920473,
            5.0414844
          ],
          [
            -75.4922556,
            5.0414711
          ],
          [
            -75.4924468,
            5.041496
          ],
          [
            -75.4925951,
            5.0415971
          ],
          [
            -75.4927038,
            5.0418589
          ],
          [
            -75.4928098,
            5.0419696
          ],
          [
            -75.4929411,
            5.0420167
          ],
          [
            -75.4930835,
            5.0420046
          ],
          [
            -75.4932012,
            5.0419254
          ],
          [
            -75.4932986,
            5.0418203
          ],
          [
            -75.4933259,
            5.0416871
          ],
          [
            -75.4933499,
            5.0415437
          ],
          [
            -75.4933717,
            5.0413993
          ],
          [
            -75.4933969,
            5.0412644
          ],
          [
            -75.4934121,
            5.0411298
          ],
          [
            -75.4934348,
            5.0409926
          ],
          [
            -75.4934842,
            5.0408508
          ],
          [
            -75.493576,
            5.0407042
          ],
          [
            -75.4937108,
            5.0405647
          ],
          [
            -75.4938685,
            5.040445
          ],
          [
            -75.4940481,
            5.0403277
          ],
          [
            -75.4942639,
            5.040204
          ],
          [
            -75.4944867,
            5.0401205
          ],
          [
            -75.494726,
            5.0400633
          ],
          [
            -75.4949079,
            5.0400357
          ],
          [
            -75.4950576,
            5.0400334
          ],
          [
            -75.4952355,
            5.0400826
          ],
          [
            -75.4954609,
            5.0401406
          ],
          [
            -75.495709,
            5.0401948
          ],
          [
            -75.4959492,
            5.0402424
          ],
          [
            -75.4961591,
            5.0402593
          ],
          [
            -75.4963015,
            5.0402566
          ],
          [
            -75.4965126,
            5.0401898
          ],
          [
            -75.4966753,
            5.0400858
          ],
          [
            -75.4967944,
            5.0399913
          ],
          [
            -75.496891,
            5.039879
          ],
          [
            -75.4970622,
            5.0395818
          ],
          [
            -75.4971081,
            5.0394751
          ],
          [
            -75.4971836,
            5.0393636
          ],
          [
            -75.497289,
            5.0392794
          ],
          [
            -75.4974093,
            5.0392178
          ],
          [
            -75.4975479,
            5.0391825
          ],
          [
            -75.4977442,
            5.0391543
          ],
          [
            -75.4979592,
            5.039132
          ],
          [
            -75.4981655,
            5.0391185
          ],
          [
            -75.4983524,
            5.0391011
          ],
          [
            -75.4984695,
            5.0390951
          ],
          [
            -75.4986165,
            5.0390898
          ],
          [
            -75.4987789,
            5.0390862
          ],
          [
            -75.498924,
            5.0390968
          ],
          [
            -75.4990875,
            5.0391102
          ],
          [
            -75.4992757,
            5.0391382
          ],
          [
            -75.4994834,
            5.0392534
          ],
          [
            -75.4996783,
            5.0392894
          ],
          [
            -75.4999985,
            5.0393415
          ],
          [
            -75.50027,
            5.0393927
          ],
          [
            -75.500512,
            5.0394123
          ],
          [
            -75.5008186,
            5.0395027
          ],
          [
            -75.5011498,
            5.0395857
          ],
          [
            -75.5014259,
            5.039679
          ],
          [
            -75.501686,
            5.0397688
          ],
          [
            -75.5018741,
            5.0398692
          ],
          [
            -75.5020279,
            5.0399773
          ],
          [
            -75.5021854,
            5.0401727
          ],
          [
            -75.5022962,
            5.0403582
          ],
          [
            -75.5023401,
            5.0405284
          ],
          [
            -75.5023784,
            5.0406917
          ],
          [
            -75.5024189,
            5.0408789
          ],
          [
            -75.5024752,
            5.0410306
          ],
          [
            -75.5025284,
            5.0411995
          ],
          [
            -75.5026357,
            5.0415047
          ],
          [
            -75.5027202,
            5.0416763
          ],
          [
            -75.5027895,
            5.0417873
          ],
          [
            -75.5028784,
            5.0418964
          ],
          [
            -75.5030211,
            5.041998
          ],
          [
            -75.503228,
            5.0420702
          ],
          [
            -75.5034234,
            5.0420995
          ],
          [
            -75.5036567,
            5.0421063
          ],
          [
            -75.5039491,
            5.042113
          ],
          [
            -75.5041368,
            5.042101
          ],
          [
            -75.5043615,
            5.0420841
          ],
          [
            -75.5045053,
            5.0420703
          ],
          [
            -75.5046739,
            5.0420917
          ],
          [
            -75.5047887,
            5.0421625
          ],
          [
            -75.5048572,
            5.0422884
          ],
          [
            -75.5049126,
            5.0424404
          ],
          [
            -75.5049585,
            5.0426049
          ],
          [
            -75.504981,
            5.0427919
          ],
          [
            -75.5049476,
            5.0429614
          ],
          [
            -75.5049537,
            5.043117
          ],
          [
            -75.5049863,
            5.0432551
          ],
          [
            -75.5050273,
            5.0434186
          ],
          [
            -75.505075,
            5.0436025
          ],
          [
            -75.5050774,
            5.0438886
          ],
          [
            -75.5050699,
            5.0440482
          ],
          [
            -75.5050704,
            5.0441728
          ],
          [
            -75.5050975,
            5.0443019
          ],
          [
            -75.5051594,
            5.044409
          ],
          [
            -75.5052626,
            5.0445197
          ],
          [
            -75.5053539,
            5.0445889
          ],
          [
            -75.5055558,
            5.0446687
          ],
          [
            -75.5059125,
            5.0448334
          ],
          [
            -75.5062744,
            5.0450202
          ],
          [
            -75.5065329,
            5.0451893
          ],
          [
            -75.5069217,
            5.0453887
          ],
          [
            -75.5072564,
            5.0455485
          ],
          [
            -75.5075574,
            5.0456935
          ],
          [
            -75.5079212,
            5.0459242
          ],
          [
            -75.5080756,
            5.0460816
          ],
          [
            -75.5081321,
            5.0462685
          ],
          [
            -75.5081603,
            5.0465159
          ],
          [
            -75.5081927,
            5.0467617
          ],
          [
            -75.5081599,
            5.0470182
          ],
          [
            -75.5080963,
            5.0473171
          ],
          [
            -75.5081245,
            5.047524
          ],
          [
            -75.5082311,
            5.0476653
          ],
          [
            -75.5083371,
            5.0477794
          ],
          [
            -75.508507,
            5.0478889
          ],
          [
            -75.5086981,
            5.0479189
          ],
          [
            -75.5089053,
            5.0479
          ],
          [
            -75.5090439,
            5.0478713
          ],
          [
            -75.5091576,
            5.0478711
          ],
          [
            -75.5092347,
            5.0479206
          ],
          [
            -75.5093924,
            5.0480809
          ],
          [
            -75.5095063,
            5.0482296
          ],
          [
            -75.5095364,
            5.0483489
          ],
          [
            -75.5094711,
            5.0488028
          ],
          [
            -75.5094711,
            5.0490428
          ],
          [
            -75.5095163,
            5.0493169
          ],
          [
            -75.50958,
            5.0494892
          ],
          [
            -75.5096696,
            5.0496811
          ],
          [
            -75.5097983,
            5.0498855
          ],
          [
            -75.5100138,
            5.0501593
          ],
          [
            -75.5101833,
            5.0503208
          ],
          [
            -75.5102091,
            5.0503368
          ]
        ]
      }
    },
    {
      "type": "Feature",
      "properties": {
        "osm_id": 994092637,
        "name": "Río Chinchiná"
      },
      "geometry": {
        "type": "LineString",
        "coordinates": [
          [
            -75.5254793,
            5.0396988
          ],
          [
            -75.5254676,
            5.0393792
          ],
          [
            -75.5254326,
            5.0389269
          ],
          [
            -75.5254743,
            5.0384958
          ],
          [
            -75.5255783,
            5.0382294
          ],
          [
            -75.5258817,
            5.0379002
          ],
          [
            -75.5259376,
            5.0378278
          ],
          [
            -75.5259343,
            5.0377324
          ],
          [
            -75.5258853,
            5.0376637
          ],
          [
            -75.5258069,
            5.0376148
          ],
          [
            -75.5257223,
            5.0375268
          ],
          [
            -75.5257132,
            5.0373942
          ],
          [
            -75.5257478,
            5.0372769
          ],
          [
            -75.5257967,
            5.0371097
          ],
          [
            -75.5259743,
            5.0368491
          ],
          [
            -75.5261476,
            5.0366682
          ],
          [
            -75.5262458,
            5.0365882
          ],
          [
            -75.5263414,
            5.0365369
          ],
          [
            -75.5264708,
            5.0365089
          ],
          [
            -75.5265996,
            5.0365383
          ],
          [
            -75.5267042,
            5.0366484
          ],
          [
            -75.5268072,
            5.0367789
          ],
          [
            -75.526949,
            5.0368435
          ],
          [
            -75.527101,
            5.0368336
          ],
          [
            -75.5272869,
            5.0367841
          ],
          [
            -75.5274488,
            5.0367145
          ]
        ]
      }
    },
    {
      "type": "Feature",
      "properties": {
        "osm_id": 994095502,
        "name": "Río Chinchiná"
      },
      "geometry": {
        "type": "LineString",
        "coordinates": [
          [
            -75.5973068,
            4.9996091
          ],
          [
            -75.5973342,
            4.9997321
          ],
          [
            -75.5974167,
            4.9998926
          ],
          [
            -75.5974931,
            5.0000569
          ],
          [
            -75.5975726,
            5.0001911
          ],
          [
            -75.597651,
            5.0004311
          ],
          [
            -75.5977375,
            5.0006065
          ],
          [
            -75.597831,
            5.0008405
          ],
          [
            -75.5978854,
            5.001021
          ],
          [
            -75.5979265,
            5.0011543
          ],
          [
            -75.59796,
            5.0014349
          ],
          [
            -75.5979578,
            5.0016246
          ],
          [
            -75.5979658,
            5.0018393
          ],
          [
            -75.5979772,
            5.0020724
          ],
          [
            -75.598017,
            5.0022333
          ],
          [
            -75.5980286,
            5.0024858
          ],
          [
            -75.5981094,
            5.0027275
          ],
          [
            -75.5981649,
            5.0029114
          ],
          [
            -75.5981857,
            5.0030646
          ],
          [
            -75.5982158,
            5.0032686
          ],
          [
            -75.5982273,
            5.0034407
          ],
          [
            -75.5982775,
            5.003563
          ],
          [
            -75.5983384,
            5.0037374
          ],
          [
            -75.5983513,
            5.0039184
          ],
          [
            -75.5983236,
            5.004188
          ],
          [
            -75.5983395,
            5.004454
          ],
          [
            -75.5983148,
            5.0046618
          ],
          [
            -75.5982796,
            5.004943
          ],
          [
            -75.5982796,
            5.0051339
          ],
          [
            -75.5982853,
            5.005392
          ],
          [
            -75.5983357,
            5.0055758
          ],
          [
            -75.5984213,
            5.0057808
          ],
          [
            -75.5985302,
            5.0059584
          ],
          [
            -75.5985972,
            5.0060638
          ],
          [
            -75.5986896,
            5.0061527
          ],
          [
            -75.5988437,
            5.0062664
          ],
          [
            -75.5990684,
            5.0063945
          ],
          [
            -75.5992091,
            5.0064773
          ],
          [
            -75.5993308,
            5.0066133
          ],
          [
            -75.5994371,
            5.0067046
          ],
          [
            -75.5995639,
            5.0068938
          ],
          [
            -75.5996689,
            5.0071006
          ],
          [
            -75.5997272,
            5.0073265
          ],
          [
            -75.5998129,
            5.0074416
          ],
          [
            -75.5999308,
            5.00755
          ],
          [
            -75.6000732,
            5.007655
          ],
          [
            -75.6001818,
            5.007803
          ],
          [
            -75.600309,
            5.0079181
          ],
          [
            -75.6003747,
            5.0079837
          ],
          [
            -75.6004747,
            5.0080744
          ],
          [
            -75.6006383,
            5.0081559
          ],
          [
            -75.6007875,
            5.0082302
          ],
          [
            -75.6009693,
            5.0083151
          ],
          [
            -75.6011827,
            5.0084056
          ],
          [
            -75.6014104,
            5.0084748
          ],
          [
            -75.601598,
            5.0085845
          ],
          [
            -75.6017483,
            5.0087408
          ],
          [
            -75.6018645,
            5.0089659
          ],
          [
            -75.6019215,
            5.0092556
          ],
          [
            -75.6019153,
            5.009468
          ],
          [
            -75.6018964,
            5.0096334
          ],
          [
            -75.6018521,
            5.0098844
          ],
          [
            -75.601586,
            5.0105291
          ],
          [
            -75.6015335,
            5.0106884
          ],
          [
            -75.6015131,
            5.0108478
          ],
          [
            -75.601571,
            5.0111111
          ],
          [
            -75.6016237,
            5.011366
          ],
          [
            -75.6016336,
            5.0116317
          ],
          [
            -75.6015951,
            5.0118707
          ],
          [
            -75.6015245,
            5.0120989
          ],
          [
            -75.6014154,
            5.0122241
          ],
          [
            -75.6012741,
            5.0123386
          ],
          [
            -75.6004514,
            5.0124119
          ],
          [
            -75.6002677,
            5.0124383
          ],
          [
            -75.6001269,
            5.0125182
          ],
          [
            -75.6001218,
            5.0127789
          ],
          [
            -75.6002055,
            5.0129542
          ],
          [
            -75.6004819,
            5.0130407
          ],
          [
            -75.6009921,
            5.0130813
          ],
          [
            -75.6011183,
            5.0131747
          ],
          [
            -75.6011492,
            5.0133658
          ],
          [
            -75.6010874,
            5.0137605
          ],
          [
            -75.6008863,
            5.014753
          ],
          [
            -75.6009063,
            5.0148758
          ],
          [
            -75.6009596,
            5.0149368
          ],
          [
            -75.6010143,
            5.0149686
          ],
          [
            -75.6018037,
            5.0149588
          ],
          [
            -75.6020609,
            5.0149873
          ],
          [
            -75.6021586,
            5.0150438
          ],
          [
            -75.6023179,
            5.0152723
          ],
          [
            -75.6026204,
            5.0154532
          ],
          [
            -75.6030742,
            5.0155673
          ],
          [
            -75.6038874,
            5.0158026
          ],
          [
            -75.6041475,
            5.0159796
          ],
          [
            -75.6047205,
            5.0162661
          ],
          [
            -75.6048149,
            5.0163073
          ],
          [
            -75.6053664,
            5.0164574
          ],
          [
            -75.6057612,
            5.0165253
          ],
          [
            -75.6058587,
            5.0165916
          ],
          [
            -75.6059338,
            5.0167076
          ],
          [
            -75.6059424,
            5.0168225
          ],
          [
            -75.6059155,
            5.0169257
          ],
          [
            -75.6055971,
            5.0175719
          ],
          [
            -75.6053993,
            5.0186859
          ],
          [
            -75.6052178,
            5.0193499
          ],
          [
            -75.6046359,
            5.02053
          ],
          [
            -75.6045078,
            5.0209483
          ],
          [
            -75.6044614,
            5.0213074
          ],
          [
            -75.604499,
            5.0215283
          ],
          [
            -75.6050938,
            5.0225392
          ]
        ]
      }
    },
    {
      "type": "Feature",
      "properties": {
        "osm_id": 994095504,
        "name": "Río Chinchiná"
      },
      "geometry": {
        "type": "LineString",
        "coordinates": [
          [
            -75.5963042,
            4.9861947
          ],
          [
            -75.5964253,
            4.9860942
          ],
          [
            -75.5965547,
            4.9861033
          ],
          [
            -75.5967482,
            4.9861604
          ],
          [
            -75.5968763,
            4.9863751
          ],
          [
            -75.5969828,
            4.9865858
          ],
          [
            -75.5970892,
            4.9867365
          ],
          [
            -75.5972147,
            4.986855
          ],
          [
            -75.5973718,
            4.9869746
          ],
          [
            -75.5975013,
            4.9870274
          ],
          [
            -75.5976449,
            4.9871267
          ],
          [
            -75.5977897,
            4.987229
          ],
          [
            -75.5979704,
            4.9873718
          ],
          [
            -75.5980519,
            4.9874779
          ],
          [
            -75.598118,
            4.9875547
          ],
          [
            -75.5982275,
            4.9876408
          ],
          [
            -75.5983177,
            4.9877202
          ],
          [
            -75.5983965,
            4.9877391
          ],
          [
            -75.5985537,
            4.9877633
          ],
          [
            -75.5988154,
            4.987844
          ],
          [
            -75.5989765,
            4.9879331
          ],
          [
            -75.5991622,
            4.9879911
          ],
          [
            -75.5994012,
            4.9880787
          ],
          [
            -75.5995973,
            4.9881772
          ],
          [
            -75.5997513,
            4.988325
          ],
          [
            -75.5998661,
            4.9884502
          ],
          [
            -75.6000288,
            4.9885038
          ],
          [
            -75.6001923,
            4.9887012
          ],
          [
            -75.600302,
            4.9888792
          ],
          [
            -75.6003646,
            4.9891078
          ],
          [
            -75.6003845,
            4.9892851
          ],
          [
            -75.600326,
            4.9895273
          ],
          [
            -75.6002379,
            4.9896591
          ],
          [
            -75.6000812,
            4.9899563
          ],
          [
            -75.6000475,
            4.9900572
          ],
          [
            -75.6000022,
            4.9902052
          ],
          [
            -75.6000022,
            4.9903905
          ],
          [
            -75.6000587,
            4.990537
          ],
          [
            -75.6001156,
            4.9907127
          ],
          [
            -75.6001994,
            4.9908286
          ],
          [
            -75.6003106,
            4.9910068
          ],
          [
            -75.6003707,
            4.9911445
          ],
          [
            -75.6004467,
            4.9912773
          ],
          [
            -75.6005464,
            4.9913576
          ],
          [
            -75.6007162,
            4.9914664
          ],
          [
            -75.6008646,
            4.9916142
          ],
          [
            -75.6009629,
            4.9917819
          ],
          [
            -75.6009485,
            4.9920448
          ],
          [
            -75.6008445,
            4.9921635
          ],
          [
            -75.6007501,
            4.9922305
          ],
          [
            -75.6005717,
            4.9923182
          ],
          [
            -75.6004159,
            4.9924268
          ],
          [
            -75.600186,
            4.9925392
          ],
          [
            -75.5999387,
            4.9926088
          ],
          [
            -75.5998736,
            4.9927792
          ],
          [
            -75.599794,
            4.9928633
          ],
          [
            -75.5998376,
            4.992962
          ],
          [
            -75.5999373,
            4.993081
          ],
          [
            -75.5999364,
            4.9932901
          ],
          [
            -75.5999003,
            4.9934631
          ],
          [
            -75.5997745,
            4.9935619
          ],
          [
            -75.5996758,
            4.9936394
          ],
          [
            -75.5994679,
            4.9937148
          ],
          [
            -75.5993034,
            4.9937779
          ],
          [
            -75.5991481,
            4.9937779
          ],
          [
            -75.5990386,
            4.9937987
          ],
          [
            -75.5989207,
            4.9938574
          ],
          [
            -75.5987359,
            4.9939105
          ],
          [
            -75.5986438,
            4.9939509
          ],
          [
            -75.5985711,
            4.9940647
          ],
          [
            -75.59847,
            4.9942184
          ],
          [
            -75.598394,
            4.9943174
          ],
          [
            -75.5983058,
            4.9944753
          ],
          [
            -75.5982164,
            4.9946153
          ],
          [
            -75.5980754,
            4.9947422
          ],
          [
            -75.5979443,
            4.9947949
          ],
          [
            -75.5977897,
            4.9948099
          ],
          [
            -75.5976568,
            4.994849
          ],
          [
            -75.5975743,
            4.9949193
          ],
          [
            -75.5974023,
            4.9949763
          ],
          [
            -75.5972449,
            4.9950365
          ],
          [
            -75.5971048,
            4.9951133
          ],
          [
            -75.5969998,
            4.9951829
          ],
          [
            -75.596951,
            4.995309
          ],
          [
            -75.5969107,
            4.995402
          ],
          [
            -75.596878,
            4.9955102
          ],
          [
            -75.5968659,
            4.9956707
          ],
          [
            -75.596798,
            4.9958791
          ],
          [
            -75.5967445,
            4.9960628
          ],
          [
            -75.596693,
            4.9962282
          ],
          [
            -75.5966819,
            4.9963901
          ],
          [
            -75.5966821,
            4.9965191
          ],
          [
            -75.5966819,
            4.9966961
          ],
          [
            -75.5966366,
            4.9968625
          ],
          [
            -75.5965856,
            4.996975
          ],
          [
            -75.5965749,
            4.9971253
          ],
          [
            -75.5965866,
            4.9973785
          ],
          [
            -75.5965866,
            4.9975927
          ],
          [
            -75.5965926,
            4.9977859
          ],
          [
            -75.5966427,
            4.9979796
          ],
          [
            -75.5967394,
            4.9981967
          ],
          [
            -75.5967685,
            4.9983999
          ],
          [
            -75.5968682,
            4.9985444
          ],
          [
            -75.5969066,
            4.9987174
          ],
          [
            -75.5969532,
            4.9988858
          ],
          [
            -75.5970197,
            4.9990733
          ],
          [
            -75.5971521,
            4.999223
          ],
          [
            -75.5971985,
            4.9993816
          ],
          [
            -75.5973068,
            4.9996091
          ]
        ]
      }
    }
  ]
}